date,contacts,targetReaches,blocks
20260901,2659,1676,975
20260902,2660,1675,977
20260903,2660,1674,978
20260904,2660,1671,980
20260905,2660,1671,980
20260906,2660,1667,984
20260907,2661,1666,986
20260908,2661,1666,986
20260909,2662,1667,986
20260910,2663,1664,990
20260911,2663,1662,992
20260912,2663,1663,991
20260913,2664,1664,991
20260914,2664,1662,993
20260915,2665,1663,993
20260916,2665,1663,993
20260917,2665,1659,997
20260918,2665,1657,999
20260919,2665,1655,1001
20260920,2665,1650,1006
20260921,2665,1648,1008
20260922,2665,1646,1010
20260923,2665,1642,1014
20260924,2665,1640,1016
20260925,2666,1637,1020
20260926,2666,1636,1021
20260927,2666,1635,1022
20260928,2666,1635,1022
20260929,2666,1613,1044
20260930,2668,1612,1047
20261001,2668,1612,1047
