検索クエリ,関連度,検索時間差,検索時間差の標準誤差,重複UU,ログインUU,男性ログインUU,女性ログインUU,10代以下ログインUU,20代ログインUU,30代ログインUU,40代ログインUU,50代ログインUU,60代ログインUU,70代以上ログインUU
塾 夏期講習 料金 相場,5.088,1.581,21.276,18,1002,188,750,9,15,192,597,155,12,4
塾費用 平均,5.032,3.94,34.591,10,589,230,330,6,12,94,317,112,21,20
塾 いつから通わせる,4.984,-0.0,13.572,34,2101,267,1713,11,15,683,1245,95,7,6
塾 成績上がらない,4.675,-0.003,11.162,30,2525,477,1898,32,33,307,1660,402,18,15
塾代 相場,4.539,0.271,22.118,23,2218,653,1470,21,46,556,1217,291,29,27
塾代,4.367,-0.001,21.107,15,1718,446,1178,16,31,426,908,247,33,25
中学 塾 費用,4.356,-0.176,17.279,16,1853,595,1182,10,23,425,1156,197,10,12
高校 私立 学費,4.109,48.873,35.639,11,1631,612,955,10,89,560,800,132,15,5
小学生 塾 月謝 相場,4.109,-26.136,29.413,10,1482,534,892,3,22,456,820,123,28,12
野田塾 月謝,4.055,0.003,22.254,13,2033,434,1509,21,18,315,1303,296,18,26
習い事 費用 平均,4.05,-3.349,36.36,10,1573,404,1099,12,40,596,763,94,37,13
中学生 塾代,4.038,23.662,32.38,10,1591,376,1138,5,15,365,989,165,17,10
夏期講習 中学生 料金,3.958,1.437,25.463,32,5515,1159,4075,46,32,604,3558,1077,54,45
教育費 シュミレーション,3.933,-2.262,25.186,18,3180,1137,1913,6,134,1296,1345,266,65,36
中学生 塾,3.921,-0.001,19.677,24,4293,1095,3014,41,41,629,2767,686,39,35
学習塾 月謝,3.891,-22.628,47.36,10,1843,825,940,8,31,305,836,393,144,90
中学受験 塾 費用,3.793,70.892,23.874,12,2441,615,1741,6,32,697,1418,213,36,15
塾,3.75,-0.0,5.292,206,43721,16340,24085,1011,940,3761,17205,11713,4035,3142
ナビ個別指導学院 口コミ,3.73,2.114,15.205,11,2381,444,1788,34,52,343,1368,455,40,18
夏期講習 中学生,3.706,0.034,31.443,14,3106,539,2372,37,17,235,1917,765,37,21
家庭教師 相場,3.646,0.002,16.029,27,6359,2001,4023,90,258,838,3137,1467,290,118
トライ 個別指導 料金,3.638,8.941,15.842,20,4747,1051,3409,138,67,391,2596,1330,63,38
トライプラス 料金,3.626,0.644,24.496,20,4807,973,3582,74,45,575,2983,956,60,23
高校受験 塾 いつから,3.533,-3.905,15.274,13,3428,390,2826,31,20,483,2320,437,21,30
高校 学費,3.532,-0.923,34.11,16,4222,1834,2177,60,232,1492,1900,368,44,38
中学生 勉強方法,3.524,-0.032,20.49,17,4523,1179,2988,142,38,398,2663,907,96,73
栄光ゼミナール 料金,3.514,10.599,22.862,16,4302,901,3176,53,47,613,2672,753,45,38
オンライン 塾,3.506,26.989,26.067,11,2980,777,2070,31,48,521,1794,472,46,35
臨海セミナー 料金,3.492,0.004,26.29,17,4671,895,3522,90,56,680,2945,744,39,22
高校 授業料,3.484,21.048,47.095,10,2770,1237,1400,21,125,785,1343,368,57,23
小学生 塾,3.483,0.002,22.268,25,6929,1939,4613,79,159,1769,3612,733,215,194
塾代補助金,3.449,-0.003,12.87,35,10042,3202,6494,46,62,2232,6066,1345,116,64
早稲田アカデミー 料金,3.437,7.217,28.041,18,5226,1082,3889,47,41,884,3343,697,74,53
明光義塾 料金,3.398,0.001,13.29,65,19621,3435,14928,383,230,2891,12146,3070,232,151
高校生 塾 費用,3.372,0.531,21.842,10,3098,840,2075,64,43,248,1835,782,31,24
ナビ個別指導学院 料金,3.353,0.009,18.63,16,5053,1058,3713,99,95,882,3012,781,55,23
個別指導,3.329,0.017,31.761,12,3882,1329,2308,63,132,430,1954,963,175,71
森塾 口コミ,3.309,8.489,22.135,20,6595,1045,5171,81,53,551,3962,1648,101,53
佐鳴予備校 月謝,3.308,0.001,20.234,19,6276,1622,4294,91,70,996,3823,891,119,100
内申点 オール3 偏差値,3.308,21.901,39.972,15,4955,962,3593,148,53,345,3003,1112,43,45
オンライン塾,3.285,0.005,8.675,13,4391,1110,2979,194,150,615,2380,817,79,38
明光義塾 口コミ,3.27,2.959,22.539,14,4803,869,3621,116,46,494,2891,1004,82,36
中学生 勉強 親の関わり方,3.24,-11.146,29.608,30,10602,2172,7728,63,34,798,6974,2175,132,128
大学 費用 4年間,3.23,1.609,31.251,16,5713,2249,3192,60,237,1578,2829,811,63,38
大学受験 塾 費用,3.227,0.028,21.77,12,4297,1087,2931,104,68,307,2420,1191,62,37
高校受験 塾,3.214,-1.595,24.465,17,6167,1642,4200,104,73,505,3804,1371,92,80
代々木個別指導学院,3.208,-0.071,16.851,17,6203,1611,4211,237,258,442,3254,1668,120,64
塾 英語,3.196,-0.0,8.383,31,11449,3715,6937,643,984,1276,4898,2450,481,313
ヒーローズ 塾,3.193,0.503,36.683,11,4077,863,2954,111,120,500,2401,750,47,34
シングルマザー 年収,3.177,-27.122,57.637,10,3764,403,3185,19,149,1374,1651,398,85,19
塾ナビ 5000円,3.171,2.426,24.632,13,4925,973,3774,36,18,340,2909,1481,60,35
進研ゼミ中学講座 退会,3.162,72.519,40.087,12,4585,697,3641,28,7,346,3187,885,25,17
塾講師 年収,3.12,0.428,20.811,13,5182,2236,2570,210,831,1139,1756,798,196,52
高校入学 費用,3.096,5.135,32.702,13,5307,1618,3438,36,105,1624,2731,577,66,73
夏期講習,3.055,0.006,32.921,15,6380,2422,3557,157,215,914,3257,1341,226,91
中学 英語,3.042,-13.088,45.317,10,4310,1451,2553,160,311,605,2008,862,126,83
家庭教師のトライ 料金表,3.019,25.075,18.047,14,6175,1472,4415,80,108,743,3419,1453,181,75
0120996652,3.015,-5.126,26.541,14,6196,1647,4235,30,16,771,4397,818,36,23
個別指導塾,2.995,0.02,12.436,64,28911,7467,19583,464,521,2892,15809,7187,864,372
高校 無償化 所得制限,2.994,-2.305,24.182,29,13110,4685,7930,53,149,2900,7462,2112,196,95
予備校 費用,2.991,0.006,17.571,28,12698,4309,7543,414,362,635,5831,4528,345,189
私立高校 学費,2.988,0.023,16.318,49,22274,8303,12754,297,632,3553,12285,4016,541,381
学習塾,2.978,1.974,36.837,14,6430,2933,3152,45,197,769,2630,1602,664,364
サイドfire,2.954,20.496,53.615,10,4707,2794,1773,8,395,1696,1646,685,183,53
大学 入学金,2.95,-20.47,38.162,12,5666,1997,3419,110,225,1286,2700,1140,83,31
スクールie 料金,2.949,-0.024,23.91,19,8982,2108,6401,144,120,1385,5335,1645,131,48
大学 学費,2.943,0.009,18.575,44,20923,7758,12095,532,936,3971,10769,3808,299,159
泳力検定,2.94,-24.605,43.37,10,4772,1224,3305,88,204,865,2800,571,92,58
公立高校 学費,2.935,-0.002,16.303,57,27333,9208,16445,399,782,4702,15198,4374,658,470
明光義塾 夏期講習 料金,2.916,-11.125,30.285,13,6351,1060,4900,91,34,585,4022,1318,75,58
森塾 授業料,2.909,24.119,28.165,22,10826,1788,8461,117,85,1287,6792,2134,115,74
塾代助成費用,2.908,-0.0,9.88,82,40395,11870,27032,148,266,9234,24252,5287,508,239
第一ゼミナール,2.897,0.002,18.219,13,6474,2044,3997,140,176,680,3514,1438,200,110
日能研 費用,2.896,-0.282,19.719,12,5985,1114,4597,28,72,1332,3663,565,127,86
通信教育 ランキング,2.895,12.041,35.216,17,8483,1532,6524,49,128,2037,4059,1510,424,122
スクールie,2.891,-0.031,12.966,82,41081,10510,27973,1030,1118,4146,22662,9227,1091,629
中学生 読書感想文,2.888,-78.832,27.866,10,5025,1072,3650,94,45,535,3192,937,50,29
春期講習,2.887,32.567,25.716,10,5033,912,3791,82,62,695,3079,870,67,54
個別教室のトライ,2.883,4.099,27.818,27,13641,3772,8923,567,837,1313,6738,3304,320,111
国大セミナー,2.876,0.56,36.433,11,5595,1814,3429,114,192,620,3145,1173,138,68
スタサプ 中学講座,2.872,26.584,26.367,18,9191,1786,6881,96,48,673,5968,2038,133,60
数学 中学1年,2.852,-6.681,41.519,12,6249,1956,3653,256,212,644,3131,1097,249,223
高校 偏差値,2.844,-0.074,22.916,41,21531,9884,10237,799,973,2711,9955,5143,868,342
東進ハイスクール 料金,2.839,0.059,33.69,11,5804,1563,3906,190,86,241,3137,1894,74,38
アクシス 塾,2.837,13.576,24.511,14,7401,1679,5208,272,228,576,4019,1818,154,85
ナビ個別指導学院,2.809,0.005,14.011,35,19033,4822,12870,554,999,2597,10232,3389,384,171
個別指導 キャンパス,2.79,5.84,31.502,18,9981,2515,6772,287,403,1087,5408,2147,212,91
やる気スイッチ 塾,2.788,-0.001,43.7,10,5555,1304,3903,118,259,806,2997,1044,129,51
私立中学 学費,2.787,15.157,25.781,28,15571,4677,10237,57,278,4029,8574,1809,338,255
0120569069,2.778,-109.811,26.252,11,6170,1249,4626,23,26,921,4376,611,52,52
トライ 個別指導,2.777,0.006,12.259,39,21905,4501,15976,563,376,1018,10562,7415,867,443
ena 塾,2.773,2.654,25.193,25,14100,2631,10866,172,180,1692,8957,2514,197,176
全国小学統一テスト,2.772,-6.109,43.166,19,10720,2660,7597,37,47,2402,6643,1111,198,109
塾ナビ,2.771,7.318,22.039,24,13556,3989,9021,173,284,1258,7529,3632,352,147
中学校 偏差値 ランキング,2.768,-2.958,21.098,11,6232,2749,3101,133,94,900,3059,1246,301,282
0120984722,2.764,-7.653,36.444,19,10814,2732,7547,113,53,1126,7418,1782,68,63
itto 個別指導学院,2.746,42.318,24.764,20,11582,3870,7026,252,372,1291,6181,2714,351,139
高校受験,2.741,36.106,13.649,65,37843,10525,24697,942,705,2727,20665,9431,1051,949
z会 中学受験コース,2.739,0.995,20.619,14,8165,1617,6195,29,19,1466,5541,841,83,90
チャレンジタッチ 料金,2.72,-0.579,36.222,13,7731,1466,5928,32,55,2546,4367,476,74,58
トライプラス,2.72,15.552,32.23,11,6542,2078,4026,236,281,588,3289,1620,249,81
フォーエイト enn,2.717,-38.008,33.14,10,5966,1603,3843,273,841,1950,2026,415,76,41
内申点とは,2.71,10.704,23.763,29,17414,5114,10976,476,423,2403,9603,3201,347,249
内申点の出し方,2.702,-13.812,30.729,29,17562,3698,12444,794,212,1262,10484,3724,189,149
中学受験 塾選び,2.702,-5.025,33.311,15,9081,1764,6930,31,58,2016,5695,867,178,103
高校生 塾,2.702,39.07,34.905,10,6052,1520,4057,323,79,194,2984,1929,163,137
進研ゼミ中学講座,2.688,-0.094,12.558,90,55243,11182,40724,818,286,4651,36208,10918,506,439
ブイ模擬,2.676,57.851,36.109,10,6213,1188,4546,332,147,326,3437,1654,50,27
中学生 ファッション 男子,2.672,-17.034,33.355,15,9356,1858,6781,210,76,1063,5916,1476,114,102
千葉 高校 偏差値,2.669,-7.693,31.415,12,7511,3509,3658,172,410,1219,3459,1740,260,79
学力テスト,2.668,-0.591,35.882,13,8142,2804,4761,227,459,1268,3901,1377,395,210
フリーステップ,2.661,0.324,24.972,19,11978,3412,7678,513,578,897,5862,3299,300,108
個太郎塾,2.65,69.429,34.606,12,7651,1960,5221,158,212,699,4193,1901,185,93
私立大学 学費,2.648,-0.001,19.419,44,28105,9985,16285,827,1050,3376,13956,6669,801,530
エベレス,2.637,0.002,49.751,11,7103,1975,4639,229,58,350,4281,1773,110,90
高校 授業料 無償化,2.631,14.21,34.293,11,7152,2894,3981,36,173,1406,3725,1378,266,68
大学受験 塾,2.631,0.0,40.362,11,7152,1923,4659,518,178,281,3248,2446,148,74
くもん 月謝,2.622,0.001,15.099,49,32116,6669,23854,132,1230,11714,14007,2427,1286,679
クリスマスプレゼント 小6,2.619,-27.262,25.917,13,8546,2650,5316,158,27,964,5470,1166,239,180
中3 行方不明,2.612,17.048,32.849,13,8612,1660,6411,144,317,1248,3994,2164,392,109
生活費 平均 4人家族,2.607,9.035,25.236,16,10653,3991,6149,49,268,3314,5108,1396,242,85
ライフプラン シミュレーション,2.595,9.464,28.109,13,8761,2441,6010,13,622,3736,3062,986,193,47
東京個別指導学院 料金,2.595,3.776,21.353,11,7412,1269,5710,204,71,525,4293,2028,89,48
晩御飯 子供が喜ぶ,2.588,-139.04,30.618,11,7465,2642,4313,36,240,2270,3427,983,184,77
チャレンジ 中学講座,2.586,48.029,31.567,22,14958,3164,10977,242,61,1011,10083,2983,117,111
塾代助成,2.573,-138.528,30.84,10,6887,2332,4300,25,81,1487,4052,1014,72,69
創英ゼミナール,2.569,0.068,42.054,16,11059,3001,7430,244,408,1168,5994,2594,267,120
z会 タブレット,2.568,-77.139,44.928,15,10377,2697,7217,152,51,1750,6243,1754,160,109
卒業式 小学校 男子,2.564,10.53,24.06,16,11113,1360,9111,29,20,1747,7806,1092,95,80
大学費用いくら必要,2.562,47.641,26.322,18,12528,3777,8065,79,371,2968,6546,1971,218,105
偏差値50 どのくらい,2.56,59.388,24.888,22,15347,3978,10095,703,593,2332,6825,3056,692,434
進研ゼミ 退会,2.558,20.31,29.838,28,19569,3724,14996,156,67,3258,12523,3006,158,123
z会 中学生,2.556,0.398,29.855,16,11207,2790,7890,122,33,591,7139,2859,148,141
そろばん 効果,2.553,46.815,46.854,10,7028,1637,4984,57,118,2070,3637,653,201,133
チャレンジタッチ 退会,2.55,7.29,22.123,32,22544,3890,17772,85,87,6218,13917,1694,146,109
野田塾,2.549,0.216,33.291,15,10576,3305,6610,257,250,1082,5876,2231,343,209
高校無償化 私立高校,2.544,76.698,43.648,10,7091,2764,3996,31,63,906,3843,1747,288,102
ベネッセ 退会手続き,2.543,11.915,33.198,13,9222,1072,7792,28,111,2514,5531,848,46,44
05031812403,2.537,18.521,24.878,14,9994,1914,7573,50,51,1300,6962,1248,118,104
イットー個別指導学院,2.535,0.015,19.054,32,22889,4433,16726,571,580,2575,13914,3931,319,179
公立中高一貫校,2.522,-47.325,34.815,11,7973,1640,5971,57,84,1424,4868,1101,188,128
算数検定,2.52,-84.392,26.018,29,21059,5095,15047,129,199,4195,12574,2739,534,365
中学受験 偏差値,2.52,0.357,22.906,20,14518,5418,8434,132,297,1881,7715,3179,565,483
高校受験 勉強方法,2.511,142.261,38.414,10,7330,1876,4763,381,117,381,4067,1781,119,101
0120 426 956,2.507,20.073,46.039,12,8826,1662,6890,38,61,2858,5175,553,41,31
お小遣い 平均,2.502,92.002,67.391,11,8136,3646,4093,96,829,2620,2976,1050,212,141
大学受験 塾選び,2.5,5.288,13.434,17,12589,2862,8794,575,109,178,6131,4905,183,103
勉強できない子 特徴,2.498,-5.507,22.145,32,23756,5156,16630,567,466,3401,12841,4644,483,294
子供 携帯 おすすめ,2.49,40.666,48.958,10,7482,3235,3973,13,54,2279,4293,620,89,45
城南コベッツ,2.487,65.84,43.68,10,7505,2091,4959,202,301,643,3928,1991,181,74
専業主婦 割合,2.484,-0.953,31.187,11,8279,2470,5373,63,961,2474,2786,1413,320,80
自主学習,2.483,-16.839,37.52,16,12061,2770,8051,416,193,2046,6793,1339,252,210
東京 高校 偏差値,2.477,5.101,29.694,16,12129,5361,6130,375,712,1604,5515,2995,465,182
武田塾 料金,2.476,0.011,17.671,21,15938,4939,9852,1041,496,787,7072,5521,332,148
進研ゼミ 小学講座,2.475,-27.07,34.858,14,10639,2645,7618,49,128,3149,6087,889,133,90
年収 中央値,2.472,38.468,42.708,14,10666,7898,2397,48,1695,4024,3466,1007,218,80
中学生 お小遣い,2.471,-101.632,36.389,14,10682,2913,7210,167,112,1870,6683,1483,83,53
進研ゼミ 中学講座,2.47,0.465,16.603,10,7631,1746,5500,138,71,860,4993,1323,54,44
公文 月謝,2.467,-0.001,18.303,29,22204,4542,16724,63,463,6733,11332,2257,711,317
栄光ゼミナール,2.464,-0.572,18.114,59,45332,12518,30406,742,954,4378,25744,10615,1214,724
明光義塾,2.461,0.012,11.959,91,70097,21739,43622,1765,2145,7290,36631,16406,2530,1043
スマイルゼミ 退会,2.453,0.051,23.996,29,22510,4371,17253,88,72,5340,13912,2506,207,118
そろばん 何歳から,2.447,0.548,34.656,12,9370,1025,7869,20,149,3902,4345,387,272,114
チャレンジ 努力賞ポイント交換,2.446,-19.054,29.713,18,14076,1987,11510,107,57,3238,9303,1032,64,83
7才 身長 体重 平均,2.443,-26.954,27.606,12,9412,1895,7085,33,144,3222,4495,595,486,255
森塾,2.442,0.004,14.927,47,36899,8206,26430,844,909,3779,20773,8301,844,364
機能制限 iphone オフ,2.439,16.471,53.458,10,7873,2313,4850,496,370,1069,3945,1320,143,82
百分率とは,2.438,-16.454,32.253,12,9460,3259,5412,311,670,1605,4682,1207,346,185
小学生 スマホ,2.427,36.546,49.368,10,7969,2860,4787,80,245,2249,4418,746,80,49
家庭教師 トライ,2.426,-0.268,15.552,39,31126,10092,19156,298,695,2943,15196,8835,1712,591
シングルマザー 生活費,2.418,-22.492,43.525,13,10457,1168,8768,42,656,3960,4424,886,190,91
単身赴任 生活費,2.418,-27.551,41.243,11,8842,2931,5493,22,170,1860,4301,2060,208,52
v模擬,2.413,41.588,33.01,17,13737,3862,9079,466,348,620,7058,4558,273,113
pta 役員決め,2.411,-2.763,41.605,13,10522,1861,8124,30,142,2965,5773,1150,181,97
ワイモバイル 親子割,2.41,27.71,50.034,10,8104,3445,4458,92,243,1762,4265,1532,114,62
臨海セミナー,2.409,0.017,13.013,66,53546,14358,36163,1194,919,4763,30571,12865,1228,684
勉強 やる気でない,2.409,-4.45,26.922,18,14602,4266,7792,2831,2227,1575,3977,1931,197,181
三井住友銀行 住宅ローン,2.399,-28.276,41.834,14,11474,7322,3858,16,506,3923,4363,2042,441,97
育休 社会保険料免除,2.397,-118.462,49.71,10,8209,4297,3682,7,572,4041,1902,1017,482,118
松陰塾,2.385,-0.01,21.4,20,16628,5201,10466,283,297,2082,8718,3543,838,400
スマイルゼミ 口コミ,2.385,-0.005,32.759,17,14130,2260,11223,42,128,4650,7574,1162,237,95
often,2.384,10.17,48.996,12,9987,3245,5853,833,786,1450,4281,1522,383,191
とある男が授業,2.381,-38.419,37.36,12,10010,2264,6781,567,192,633,5300,2284,305,175
通信教育,2.379,49.347,28.546,18,15043,4858,9374,83,542,2155,5566,4346,1525,473
私立高校 無償化,2.377,12.725,15.907,78,65320,16950,45001,397,487,7678,39517,13293,1549,1016
生活費 平均 3人家族,2.375,-18.849,22.492,10,8396,2988,4990,26,420,2854,3099,1451,294,83
スポーツ振興センター,2.374,34.938,47.389,16,13444,3002,9819,72,631,2948,6368,2539,519,144
通信制高校 学費,2.371,-19.102,30.842,10,8427,2214,5636,404,230,757,4122,2321,228,99
卒業式 小学校 女子,2.37,56.839,19.211,32,26984,3443,21812,224,85,4028,17967,3225,363,288
思春期 男子 特徴,2.368,14.928,45.444,12,10141,1883,7555,147,227,1285,5732,2038,220,154
家庭教師,2.367,-0.001,9.427,41,34682,14626,17933,781,2047,4269,15000,8329,2130,1062
受験,2.364,16.464,28.797,16,13579,4900,7509,733,599,1470,5226,3624,786,465
子供 コロナワクチン,2.36,-110.007,34.766,16,13629,2485,10522,33,166,4354,7449,1161,178,78
早稲田アカデミー,2.358,0.009,12.181,76,64895,20091,41646,801,1131,7308,36704,14323,1971,1422
市進学院,2.358,-0.003,20.409,23,19646,5955,12669,317,327,2001,11356,4482,502,267
偏差値 計算,2.357,-18.462,30.433,28,23935,9373,12482,2089,1621,3148,11022,3910,575,441
関東 子供とお出かけ 人気,2.357,-46.258,22.967,11,9405,3993,5110,12,443,4829,3433,389,151,39
留学 費用,2.351,-0.059,36.677,15,12900,3609,8248,641,1973,1506,4402,3324,373,170
高校無償化,2.35,2.039,26.636,23,19791,8137,10817,95,389,4124,10495,3613,580,201
進研ゼミ,2.349,1.103,15.511,81,69794,25998,40767,1163,1616,13743,35322,13748,2055,1003
教師 年収,2.344,-27.12,46.709,10,8658,3929,4008,542,1601,2203,2465,1082,245,96
スポーツ刈り 子供,2.338,46.45,57.747,10,8708,2182,6084,31,108,2602,5038,565,102,55
京進,2.33,-0.003,13.143,13,11420,4194,6518,239,413,1289,5655,2594,577,313
読書感想文 書きやすい本,2.32,-127.273,33.161,19,16844,3231,11628,1572,329,2667,8630,2026,180,118
専門学校 学費,2.317,-13.795,32.584,18,16005,5181,9673,557,870,2125,7721,3498,469,228
都立中高一貫校,2.312,18.875,32.098,15,13406,2939,9869,64,114,1781,7862,2336,493,542
小学校 卒業式 服 女子,2.312,-20.03,41.084,11,9836,1661,7581,68,65,1420,6001,1519,296,189
スマイルゼミ 料金,2.31,0.505,27.052,29,25978,3992,20977,85,345,9790,12750,1755,642,266
人権作文の書き方,2.299,-39.616,42.115,18,16302,3345,10970,1007,221,1537,9058,2655,279,195
トライ,2.297,24.197,20.329,25,22693,9199,12069,621,738,1618,7937,7334,2601,1149
中高一貫校,2.296,-26.399,19.996,32,29057,8055,19395,326,514,3216,15230,6864,1358,887
つくし野アスレチック,2.295,77.066,40.079,16,14557,5136,8772,118,444,3406,7857,1811,396,248
京都 高校 偏差値,2.291,7.996,47.438,10,9133,4055,4486,217,540,1155,4129,2204,436,144
スプラトゥーン3 オンライン,2.289,-33.7,50.135,10,9146,4808,3891,153,508,2606,4720,813,96,55
教科書ワーク,2.287,-150.26,50.15,10,9167,1610,7021,113,86,1488,5676,1342,149,105
東京個別指導学院,2.286,3.742,24.29,24,22025,7420,13234,875,1251,1892,9762,6519,792,330
自由研究 中学,2.285,-61.818,20.696,31,28470,7370,17986,1603,339,2069,16732,5050,338,237
電子辞書 おすすめ,2.285,101.758,30.324,13,11942,4660,6546,223,226,853,5021,3257,1070,923
高校偏差値 2023,2.282,86.192,28.885,24,22102,11184,9506,380,367,1045,7753,7705,2689,1333
中学生 髪型 男子,2.281,13.218,21.173,62,57197,14378,38813,1152,364,5943,37106,9494,504,501
不登校 中学,2.276,-16.728,40.602,13,12050,2957,8244,170,137,764,6768,3095,363,312
自由研究 6年生,2.275,-115.606,33.208,12,11136,2446,7932,178,74,1518,7280,1438,140,123
チャレンジ 退会,2.274,-15.721,24.24,20,18571,2259,15541,55,115,5575,11055,1318,124,90
英検 合格ライン,2.273,-70.829,45.043,11,10229,2428,6971,801,253,895,5610,2006,136,88
中学生 髪型 女子,2.272,67.928,34.47,19,17672,2919,13044,657,145,1790,10522,3136,225,182
5年生 算数,2.27,-95.975,59.821,10,9323,2438,6255,118,125,1578,5260,1175,441,290
卒業式 母 髪型,2.268,79.839,21.924,14,13085,970,11385,44,43,2539,8732,1284,70,62
子供 スマホ,2.268,-45.876,47.358,10,9341,3950,5032,30,131,2799,5289,809,87,64
偏差値 求め方,2.251,42.277,32.156,18,17110,6838,8397,990,1225,2265,6846,3367,624,563
偏差値 60 どのくらい,2.245,36.087,19.545,37,35360,14632,17899,1159,1378,4908,14091,7735,2654,1797
さくらや 制服リユース,2.244,-1.338,59.039,11,10524,1506,8510,71,75,1367,5616,2818,284,103
中学受験 ブログ,2.241,45.408,29.898,12,11518,2498,8424,68,57,1352,7431,2050,192,167
usually,2.23,0.968,48.329,10,9704,3166,5641,755,983,1359,4037,1456,381,199
食費 平均 4人家族,2.228,-3.784,30.863,19,18476,5297,12202,96,329,5075,9156,2887,406,145
酔い止め こども,2.226,19.448,35.888,12,11688,1597,9522,51,93,3607,6643,866,158,71
ストレッチ 寝る前,2.223,85.87,36.029,11,10750,2953,7092,101,601,1874,3820,2630,960,376
不登校 対応,2.221,26.224,44.352,12,11753,4424,6640,122,607,1035,5015,3218,917,529
固定資産税 いくら,2.217,23.657,29.147,26,25564,10565,14001,63,2790,11077,7873,2372,684,308
中卒でできる仕事,2.214,74.883,54.532,11,10849,3856,6106,520,718,1287,4943,2469,318,122
単身赴任 子供への影響,2.213,-109.197,41.993,10,9872,3992,5411,33,397,3731,4627,684,140,78
卒業式 髪型,2.213,64.478,44.088,10,9867,1099,7792,632,1604,1219,4458,1196,176,89
就学前検診,2.209,22.607,24.239,10,9910,1025,8405,14,290,4709,4122,396,163,52
高校無償化 所得制限,2.206,14.04,18.756,63,62622,20216,39786,222,608,11973,36821,10525,1000,557
英単語 覚え方,2.204,-30.889,35.33,19,18925,5959,10698,2318,1238,1989,7412,3524,705,326
秀英予備校,2.203,-19.955,27.712,25,24928,7764,15585,741,748,2330,13366,5866,728,385
小数点の割り算,2.199,15.578,31.883,12,12007,3436,7886,113,332,2526,6189,1780,523,237
因数分解 公式 一覧,2.198,29.882,34.325,19,19029,7813,9524,1238,1536,1965,7321,4069,1221,650
マイナポイント 電子マネー,2.196,101.411,48.63,10,10040,4213,5424,28,504,2711,3947,1977,520,206
湘南ゼミナール,2.195,-1.118,33.289,15,15079,4161,10085,342,383,1369,8653,3502,317,175
立ち幅跳び 平均 年齢別,2.195,-16.31,40.189,11,11060,5053,5288,345,830,2842,5123,1198,236,113
z会 小学校,2.194,-24.431,31.026,16,16100,3274,12132,46,58,3606,10123,1514,327,227
英検4級過去問,2.194,3.867,37.122,12,12069,3361,8028,314,146,1004,6822,2700,442,298
手取り40万,2.192,0.295,37.399,15,15120,8729,5800,44,1198,5113,6061,2057,268,105
百ます計算,2.186,-52.431,46.587,10,10146,2752,6902,144,598,2542,4601,1265,549,252
学研教室,2.184,-1.364,17.684,46,46723,6802,37522,220,547,13123,23692,5076,2265,844
スプラトゥーン3 セーブ方法,2.184,-1.688,31.753,10,10157,4700,5003,200,830,3565,4610,602,87,52
高校授業料無償化,2.182,10.192,37.152,14,14252,6167,7317,82,184,1486,6739,3892,1068,452
反抗期 娘 疲れた,2.181,-57.01,44.972,10,10188,1465,8126,68,70,1417,6275,1882,132,101
通学リュック,2.175,48.63,26.186,11,11280,2801,7417,901,346,982,5889,2266,197,113
高校受験 日程 2023,2.174,123.398,37.182,12,12318,4041,7469,302,617,1726,5275,3028,643,318
英検5級,2.173,-27.353,19.529,47,48297,10827,34786,453,528,8065,30437,5350,1250,987
switch オンライン 料金,2.173,7.169,24.191,16,16434,7588,7921,466,2623,5808,5882,1062,137,70
旦那 ストレス,2.169,-23.882,29.63,19,19590,1644,16762,46,1028,6830,7284,3253,532,120
偏差値とは,2.165,0.915,15.782,79,81835,37254,39122,1124,3165,13010,32179,16152,7468,5639
卒業式 服 母,2.163,56.169,24.126,33,34259,3195,28796,133,188,4317,20024,7937,503,233
反抗期 時期,2.162,1.967,33.702,12,12467,4440,7243,175,471,2796,5403,1917,915,385
05031520805,2.16,-59.056,29.406,14,14569,2881,11001,52,67,1873,10112,1889,190,154
絶対値とは,2.157,49.046,37.492,20,20881,7998,10955,1182,1227,2277,9382,4136,924,501
家庭教師 個人契約,2.156,-3.963,36.672,11,11498,3643,7255,187,955,1173,5312,2969,491,188
思春期 女子 特徴,2.153,-14.731,36.06,14,14672,2817,10745,333,351,1860,8102,2812,366,263
私立小学校,2.15,6.547,34.611,12,12618,3040,8956,103,407,3211,5948,1755,669,271
05031741856,2.15,-101.042,39.833,11,11559,2109,8932,49,62,1746,8113,1184,137,84
飛行機 子供料金,2.145,3.922,36.939,14,14796,4908,9412,25,670,7529,5161,704,408,132
夏休み 子供 体験,2.139,-98.076,31.513,21,22327,4279,16810,44,127,5761,12678,2265,638,346
概数とは 4年生,2.139,-61.205,41.192,13,13816,3884,9129,111,214,3112,7963,1527,363,153
スイッチ 修理,2.137,-9.167,39.991,11,11715,5695,5573,124,576,2866,6102,1585,204,72
35歳 平均年収,2.133,-70.255,44.447,12,12837,9158,3267,22,497,10618,574,348,463,133
少子化対策 2023,2.132,120.461,32.717,12,12839,5837,6409,95,837,4306,4313,1855,810,362
株 確定申告,2.131,32.026,37.707,11,11791,7098,4352,19,806,3573,4015,2315,775,192
算数オリンピック,2.129,-64.421,45.868,10,10741,3408,6808,156,211,1802,5976,1642,465,284
神奈川 高校 偏差値,2.124,19.581,46.423,11,11873,5655,5650,274,674,1787,5552,2766,433,132
住宅ローン 借り換え,2.123,1.97,19.672,11,11882,7446,4114,16,311,3269,5437,2349,319,100
進研ゼミ小学講座,2.121,-14.191,18.743,46,49792,3946,43350,145,266,13848,31059,2641,572,376
不登校 親 しんどい,2.12,38.394,38.496,16,17330,2963,13189,174,200,1876,9752,4288,290,236
チャレンジタッチ,2.119,-2.188,15.196,105,113852,24046,84522,809,696,33019,66268,8982,1251,884
年収400万 手取り,2.117,12.825,27.948,11,11956,5440,6007,55,2128,4336,3355,1424,376,91
佐鳴予備校,2.116,-1.972,20.619,27,29354,10258,17128,860,889,3008,15126,6683,1143,576
レンタカー スタッドレス,2.116,-53.54,34.451,10,10876,5757,4723,42,1757,2381,3580,2282,541,135
カロナール200 子供,2.111,-12.203,33.698,11,12027,1923,9525,54,140,3060,7016,1268,164,85
遠足 お弁当,2.11,2.993,51.868,12,13131,1091,11304,44,244,4661,6499,1058,234,113
チャレンジ 小学講座,2.108,9.725,20.397,39,42770,6657,34202,138,308,11218,26338,3133,621,382
漢検 過去問,2.108,-52.922,37.792,13,14250,3593,9637,640,591,1817,6850,2745,687,375
国立大学 学費,2.107,-0.698,26.692,30,32927,13817,17259,450,1155,2559,13324,11399,2197,999
蕁麻疹 子供,2.107,101.782,48.109,11,12076,1430,10089,18,386,6275,4665,294,147,55
4人家族 生活費,2.102,0.818,35.615,12,13242,4756,7832,47,740,5221,5299,1315,270,102
平和島 アスレチック,2.102,8.095,41.107,11,12135,4031,7650,102,641,2656,6434,1620,320,183
家族旅行 おすすめ 国内,2.101,-3.126,36.854,12,13252,5242,7258,160,883,2819,6033,2502,359,131
全国統一小学生テスト,2.097,-6.456,21.027,45,49881,10882,36930,258,376,10752,30942,5533,803,548
標語とは,2.095,-67.929,44.236,14,15557,5267,9256,378,1000,3971,6632,2119,626,271
ランドセル 寄付 2023,2.086,98.853,20.744,18,20170,4158,15000,139,125,1568,11958,5434,380,209
中学生 ファッション,2.085,-1.249,22.513,34,38126,7936,27156,972,511,4031,22360,6899,997,682
お守り 手作り,2.084,-34.043,60.265,11,12351,1499,9792,734,950,2316,5186,2026,402,168
0356570976,2.082,-103.109,16.817,11,12380,2032,9778,34,66,1907,8706,1322,92,74
発表会 ドレス,2.08,-18.323,43.004,10,11272,1295,9268,104,124,1891,6227,1793,586,274
くもん,2.078,-32.443,31.547,26,29383,4854,23213,227,1176,11045,12807,2286,829,507
ena,2.074,21.037,36.625,13,14749,6387,7769,191,473,1736,6682,3725,1141,590
割り算 筆算,2.073,4.906,31.589,18,20436,7152,12246,189,695,5017,9948,2812,900,394
主婦 パート,2.07,-19.648,37.258,14,15946,1993,13047,56,500,4139,7073,3194,456,186
保険 ランキング,2.07,-79.569,31.368,10,11386,3448,7479,19,1286,3647,3659,2165,327,128
0120984807,2.068,-53.894,22.863,10,11406,2290,8592,41,50,1542,8024,1361,132,91
太陽が丘 プール,2.067,-219.825,27.965,14,15996,6005,9235,186,429,4605,7959,1717,492,234
アラフォー ファッション,2.066,-158.725,46.11,12,13714,1570,11411,42,65,4649,7556,936,122,73
ピアノ教室,2.065,0.006,25.708,27,30918,7040,22281,170,952,7566,12158,5608,2603,1131
子供 咳止め 市販薬,2.065,-32.623,47.211,12,13739,2430,10708,18,322,6389,6127,484,142,53
成長痛,2.063,-59.29,26.856,29,33247,9199,21927,701,1286,8276,16306,3924,1102,540
中学受験,2.062,-3.531,14.196,84,96466,27716,63571,832,1185,12373,55360,19201,3092,2255
ステップ 塾,2.062,26.98,28.971,11,12625,2879,8973,299,181,814,7245,3376,204,139
私立高校 就学支援金,2.061,-36.082,44.773,14,16088,3872,11532,93,39,1058,9731,4493,264,150
英検 準2級,2.061,-7.355,40.619,14,16084,4683,10104,1123,550,999,8142,4096,279,203
ソフトテニス ラケット,2.059,-1.491,50.665,10,11514,5921,4738,384,639,1765,5694,1949,355,193
学校 行きたくない,2.055,-67.896,30.008,15,17338,2541,12119,2608,584,1747,7876,2312,249,213
0120426956,2.053,31.74,21.18,39,45178,10424,32567,302,326,7298,30002,5838,363,251
子供 頭痛 原因,2.052,-42.096,39.543,10,11594,2178,8902,35,84,4006,6342,752,115,66
z会,2.051,-7.121,17.931,55,63814,18310,42116,1357,1271,11560,33278,12212,1997,918
中2病とは,2.051,-2.316,45.991,10,11601,3771,7131,67,86,934,5868,3314,780,220
フリースクール,2.05,2.643,44.928,12,13948,4299,8771,244,1068,2661,5780,2657,749,383
馬渕教室,2.048,0.0,19.037,34,39564,12284,24914,684,840,4703,22171,7761,1353,956
自由研究 小学生,2.047,-126.173,13.269,70,81559,20944,56085,619,815,17656,48921,9035,1449,870
旭高校,2.047,-3.719,15.725,10,11651,4200,6483,649,600,858,4981,3187,597,218
スタサプ,2.046,3.946,21.885,40,46669,16765,26717,3005,1812,5576,21230,11564,1448,465
高校入試 日程,2.045,126.257,19.689,19,22195,8253,12340,526,940,2326,8418,5758,2174,1160
switch コントローラー 繋がらない,2.043,-146.493,38.502,10,11705,5261,5897,228,1733,4602,3951,747,160,51
四谷学院,2.041,7.705,18.74,27,31666,10975,18470,1470,1314,1654,11888,12330,1447,544
高校生 お小遣い,2.041,12.966,33.186,10,11722,3048,7907,568,256,1130,6826,2463,94,62
通分とは,2.04,-19.089,44.535,12,14077,4826,8167,393,534,2517,7092,1927,641,359
濃厚接触者 発熱したら,2.039,-72.258,40.199,12,14091,3264,10245,43,592,4502,6210,2034,389,86
日本の歴史 まんが,2.036,-15.059,33.896,10,11784,3552,7654,119,181,2001,6592,1806,535,333
バレーボールシューズ,2.033,-43.097,34.832,20,23630,9534,12650,464,805,2983,11159,5744,1329,360
ミマモルメ,2.03,39.041,31.002,28,33173,6899,24671,153,384,8294,18569,4340,608,300
自転車 子供,2.029,-37.417,31.129,17,20170,4590,14774,57,421,8357,9243,1011,528,215
秒 英語,2.024,-8.619,47.293,11,13121,6046,6306,277,1083,2306,4442,2797,1295,521
やる気スイッチ,2.023,-2.269,25.112,25,29842,11155,17068,337,1075,4422,13753,7320,1687,512
子供 高熱,2.021,-55.472,49.223,10,11958,3425,8060,14,342,5746,4861,544,215,69
シャトルラン 平均,2.017,-117.053,37.175,19,22817,7718,13484,788,1338,5465,11745,2077,298,195
during,2.017,-60.264,23.24,12,14415,5016,7954,1183,1122,1779,5815,2576,691,360
乾燥機 電気代,2.017,-10.909,50.746,11,13204,4932,7715,45,1070,4233,4528,2131,714,278
東京都 教員 異動,2.015,120.665,34.512,10,12032,2952,8547,188,434,2059,6054,2439,445,201
通知表 家庭から,2.011,-72.965,31.737,10,12085,1704,9684,34,64,3044,7042,1491,81,49
英検4級 レベル 何年生,2.008,55.965,52.574,13,15744,3807,10940,255,222,1449,9647,3124,329,271
ファミリーリンク,2.007,-23.422,32.233,19,23040,7965,13927,429,406,3329,13685,4324,274,181
トランプ 二人遊び,2.007,16.663,38.936,12,14555,5778,7660,674,2861,3833,4556,1288,454,253
50メートル走 平均 小学,2.006,10.346,37.12,17,20644,6888,12746,167,309,5116,12122,1846,402,213
スマイルゼミ,2.005,-0.458,14.474,112,136162,29961,100090,715,1667,43216,69756,13795,3220,1528
フォートナイト 名前変更,2.004,4.714,21.207,26,31634,12166,17570,740,492,8613,17683,2644,228,164
国立高校,2.003,-68.614,61.748,11,13395,5156,7237,589,745,1181,5666,3559,743,371
クーバーサッカースクール,2.002,44.48,39.308,11,13407,4911,7840,81,186,3253,7832,1467,199,102
まいぜんシスターズ 声,2.001,-27.61,23.99,15,18303,5119,12026,482,307,5567,9912,1140,176,128
私立中学 偏差値,1.998,2.127,25.104,17,20810,5001,14743,114,160,2296,11907,4075,941,834
アレグラ 子供,1.998,10.651,61.048,10,12239,2201,9409,40,79,3190,7399,990,213,94
子供新聞 おすすめ,1.998,63.14,38.702,10,12236,2216,9441,25,37,3219,7177,1078,314,210
関東 遊園地,1.996,-15.126,39.123,10,12268,5031,6624,354,1694,4233,4788,756,120,50
昭和高校,1.995,-25.194,52.781,12,14732,5269,8226,883,814,1069,6252,4124,610,275
公文式教室,1.994,-0.008,13.326,75,92184,21031,66480,326,935,22326,42118,14507,7048,2874
公立高校,1.991,-60.044,29.631,16,19722,6342,11818,750,343,1205,9518,5561,962,538
服部緑地公園 プール,1.991,-98.51,34.949,10,12320,4763,6951,125,355,3699,5873,1438,393,137
早稲アカ,1.99,-11.08,25.024,16,19739,4956,13766,321,310,1596,11945,4641,355,214
進研ゼミ高校講座,1.988,0.001,34.3,15,18547,3970,13168,848,189,474,9916,6039,269,140
まとめ髪,1.988,-50.592,28.59,14,17305,1099,15225,183,1203,2722,7038,4641,901,185
山手学院,1.988,55.066,45.229,14,17303,5822,10444,407,600,1477,8377,4575,813,556
食費 平均 3人家族,1.987,20.876,34.307,10,12369,3420,8374,34,441,3574,4675,2610,696,117
サピックス,1.983,-0.023,21.022,41,50917,15482,33122,366,929,7837,27517,9946,2162,1351
扶養手当,1.982,15.072,45.286,13,16170,7201,8279,42,1673,5966,5046,2312,634,211
ネギ塩チキン,1.981,44.607,41.557,10,12451,2351,9513,41,1292,3438,3849,2590,754,248
カービィ イラスト,1.981,64.169,41.895,10,12444,2561,9098,211,740,4189,4992,1111,569,256
給付金 子育て世帯,1.98,-38.706,49.196,10,12463,1802,10022,46,761,5049,5125,945,176,102
シングルマザー 手当,1.979,-34.023,29.05,23,28677,6486,20832,90,2472,11300,10423,2739,832,311
自由研究,1.978,-122.845,19.267,34,42456,12028,27352,1212,787,8598,23457,5296,832,534
作文の書き方 ルール,1.977,-51.144,24.642,22,27488,7513,17460,1359,1162,4809,13158,4307,881,317
交通安全ポスター,1.977,-13.2,32.209,18,22498,5610,15275,390,335,5639,11937,2363,581,353
配当金 いつ,1.976,-108.22,36.323,11,13758,9063,4218,28,874,3001,4051,3013,1771,799
電子辞書,1.975,13.867,29.094,20,25058,9625,13717,1127,1147,2876,10273,5687,1596,1477
不登校,1.973,-21.277,32.703,26,32615,9945,20317,700,1314,3421,14696,8523,1913,905
扇形の面積の求め方,1.973,73.744,42.393,10,12554,4011,6309,2313,1613,790,4221,1615,258,150
通信制高校,1.972,-3.56,20.992,48,60299,17459,38189,2891,1979,4370,26559,18002,2663,1390
ブライトン 順位,1.972,100.697,35.665,11,13813,11914,1247,268,1854,3730,4624,2050,737,215
大学 奨学金,1.971,-0.016,34.044,16,20116,7092,11977,513,558,1686,10529,5862,407,150
英ナビ,1.97,-0.952,23.693,23,28954,7717,17973,3489,734,1488,14079,6558,395,241
公立高校 倍率 2023,1.969,170.046,28.959,14,17642,3860,12252,905,213,1174,9926,3961,319,276
河合塾マナビス,1.967,-3.24,15.31,14,17668,5486,10592,1832,904,477,6399,6609,449,161
子育て 疲れた,1.967,-0.439,36.206,11,13891,2092,11079,39,496,5970,5838,982,233,89
中学受験 偏差値 2023,1.966,0.113,17.393,25,31590,11906,18154,184,351,3198,15165,8530,2177,1360
愛知県 高校 偏差値,1.964,11.266,35.039,15,18985,8008,9867,403,941,2486,9476,4058,640,403
貯蓄 平均,1.963,-21.058,29.474,11,13937,6435,6865,16,515,2621,4747,3824,1525,393
コロナ 保健所からの連絡,1.962,-89.062,35.242,13,16487,5407,10404,99,2302,5351,5680,2253,428,108
青山高校,1.962,-23.914,17.539,10,12688,5064,6698,604,736,1002,5021,3669,787,354
学級閉鎖 習い事,1.96,-37.862,29.607,10,12712,1839,10241,77,58,3305,7740,1066,172,81
プール付きホテル,1.959,-128.188,28.98,27,34349,11852,21112,156,1736,8760,15700,5075,1754,631
能開センター,1.956,-0.017,14.665,21,26800,8443,16641,585,616,2879,15245,5515,755,393
フォートナイト スイッチ,1.956,-38.047,35.557,15,19148,9371,8879,159,665,5178,9939,2340,299,129
三人称単数とは,1.955,33.575,39.847,11,14058,3756,8812,1105,1070,1437,6180,2513,579,245
電車 乗り換え,1.953,131.891,36.22,13,16641,7258,8466,443,1971,5770,5195,1980,582,289
数検,1.952,15.981,25.999,23,29473,9335,18005,1405,1298,3092,14707,6806,824,403
漢検 レベル,1.952,48.251,36.981,22,28186,5795,20306,976,1358,3758,14321,5363,863,482
楽天 マイナポイント いつ,1.952,95.587,51.951,12,15375,6024,8871,24,1007,5335,5674,2300,702,198
土浦日大,1.95,17.222,45.391,10,12836,6553,5532,363,613,1294,5381,3669,744,368
いぼ,1.942,-6.839,47.728,11,14237,4627,8823,227,1157,3106,4447,2892,1325,711
大阪府子ども食費支援事業,1.942,136.888,33.978,11,14232,3718,9922,70,338,3491,6692,2860,410,139
少子化対策,1.941,57.799,31.322,18,23313,13045,8951,599,2094,5895,6781,4194,2138,913
then 意味,1.94,-8.572,39.248,11,14263,4859,7819,1241,1443,1664,4948,2700,853,401
アクアビーズ 図案,1.939,-17.064,48.153,11,14275,3118,10598,63,300,6171,5952,872,515,191
ヨーヨー,1.937,51.985,40.259,13,16910,6667,9295,321,1341,4336,6244,2619,1067,502
年収800万 手取り,1.931,-21.122,38.393,15,19626,8384,10396,66,1449,6031,7519,3424,658,147
海水浴場,1.93,-169.358,34.07,13,17028,11277,4917,154,761,2900,6728,3938,1504,617
児童手当 増額,1.927,83.416,29.09,23,30208,11067,17891,89,1749,14725,11063,1417,417,255
医学部 学費,1.927,16.588,35.563,13,17077,7346,8792,295,916,2444,6311,5109,1094,472
四谷大塚 全国統一テスト,1.925,-156.283,28.726,10,13164,2903,9683,41,36,1959,8656,1884,216,203
子供手当 増額 2023,1.924,94.514,20.599,28,36906,14761,20552,119,839,12580,17122,3880,1181,517
ニコラ,1.924,-56.51,45.556,15,19776,4606,13307,1166,1651,3097,8439,3054,867,412
プール付きホテル 関東,1.924,-102.409,45.338,10,13174,3446,9243,48,949,4168,5996,1285,393,170
スタディサプリ,1.923,-0.008,13.72,98,129315,45804,75477,5548,5591,15840,59615,33050,4463,1494
コロナ 胃痛,1.923,47.612,39.854,12,15829,3152,12032,61,1148,4988,6410,2495,400,105
しらこばと水上公園 プール 2022,1.921,-77.096,21.253,25,33029,13123,18467,355,1087,8535,15433,5157,1318,433
カルボシステイン 子供,1.917,-109.065,44.45,13,17246,2429,14036,38,677,7277,7607,922,333,121
小学生 英語,1.917,-16.415,49.839,12,15922,5938,8944,559,1027,2868,6891,2463,906,685
福岡 子供 遊び場,1.917,-42.445,47.681,10,13273,4911,7849,23,723,6613,4813,612,231,75
花粉 咳が出る,1.916,55.56,18.504,11,14606,4268,9552,252,2281,5676,4404,1339,280,68
スプラトゥーン3 一番くじ,1.916,80.416,27.871,10,13289,5356,7167,369,963,3488,6416,1420,157,97
シングルマザー,1.915,-4.443,23.938,36,47849,16904,28407,206,2465,13046,18035,8616,3039,1316
世帯年収,1.914,29.977,39.573,13,17302,9002,7582,54,1254,4733,6838,3326,624,194
晩御飯 めんどくさい時,1.913,-98.577,26.96,16,21317,4935,14971,91,888,4442,8274,5558,1114,296
夏休み 旅行 2022 子供,1.912,-222.226,20.293,26,34665,9792,23136,71,215,8384,20100,3454,1119,560
中体連,1.911,11.151,40.296,12,16022,7171,7900,276,426,1676,8119,3855,813,329
ランドセル リメイク,1.91,53.574,18.591,75,100196,21603,73467,836,2418,16133,54878,20003,2914,1013
電子辞書 高校生,1.91,147.13,33.958,13,17368,5067,11183,489,132,662,10312,4711,271,272
就学支援金制度 高校 年収,1.91,-14.124,41.538,10,13361,3309,9402,110,70,835,7777,4008,219,117
モンテルカストチュアブル,1.908,85.261,49.528,10,13386,2444,10222,74,249,3259,7679,1464,260,145
セイハ英語学院,1.906,-80.537,42.611,15,20123,3514,15676,54,607,8018,8776,1582,565,194
みんなの写真やさん,1.903,-92.297,33.595,16,21523,4789,15678,269,413,6335,11002,2600,308,173
英検5級 レベル 何年生,1.901,-63.404,42.826,11,14830,3171,10844,150,168,2170,8926,2516,309,256
英進館,1.9,-23.684,35.051,20,26998,9801,15539,500,762,3124,14547,5679,1046,539
サーモス 水筒カバー,1.9,-61.134,36.192,13,17547,2445,14281,50,124,4985,9981,1624,306,166
住宅ローン 繰り上げ返済,1.896,0.003,27.574,18,24388,11822,11636,34,430,4183,8943,7361,2641,418
医療保険 コロナ,1.896,-46.503,25.007,13,17615,6908,10074,36,901,4977,7193,3025,973,291
水筒カバー,1.895,-43.349,36.451,21,28476,4138,22873,119,314,8044,14578,3186,1225,420
コロナ 抗原検査 タイミング,1.889,-83.043,33.869,19,25940,6141,18707,90,1420,7197,10389,5086,1140,228
喉の痛み カロナール,1.888,43.469,54.396,13,17762,3545,13382,81,1567,5929,6665,2493,590,126
受験生 親ができること,1.888,77.641,24.111,10,13661,2629,10059,102,58,601,7520,4527,229,178
甲南高校,1.887,-14.583,52.907,10,13670,6513,6156,480,744,1191,4917,4050,1152,564
都立高校 倍率 2023,1.886,35.176,25.177,21,28739,8104,18822,1149,612,1488,12942,9759,1107,790
高校,1.883,0.017,28.551,23,31582,13224,15413,2065,1522,3046,11103,7374,2548,2107
ポピー 教材,1.883,-35.037,31.45,10,13734,1809,11279,42,251,5264,6685,899,259,116
大学 偏差値,1.877,-0.541,21.515,31,42828,22953,16825,1744,1976,3603,13353,14831,3939,1696
千葉県公立高校 倍率 2023,1.877,119.336,24.815,16,22097,7585,12996,921,429,1089,9517,7190,1217,922
子供 遊び場,1.877,-120.948,39.034,11,15198,8895,5735,39,562,6303,6139,1219,538,169
車 バッテリー 寿命,1.876,21.264,32.218,15,20750,13927,6154,30,1466,6114,7302,3979,1184,395
白髪 シャンプー,1.876,-23.017,27.321,10,13826,3146,10178,16,246,3178,6441,3077,574,133
児童手当 いつまで,1.875,0.973,23.726,23,31838,10585,19842,106,1348,9533,13934,5262,835,298
授業参観 服装,1.875,74.027,41.317,12,16606,3412,12305,38,297,6128,8364,1133,150,101
警察官になるには,1.872,11.169,31.54,16,22211,5986,14426,1015,2115,2815,8235,5819,920,360
胃腸風邪 何日で治る,1.871,-13.958,29.79,11,15285,3821,10632,205,1894,6119,4442,1457,585,167
五千円札 人物,1.87,-12.912,43.192,10,13907,5465,7474,297,951,2150,4920,2955,1425,656
子供 発熱 受診の目安 コロナ,1.869,11.821,31.695,15,20877,3516,16558,39,238,8311,10564,1184,163,107
東進ハイスクール,1.868,2.065,25.617,24,33439,13035,18317,1258,923,1943,14224,12282,1338,545
食洗機 電気代,1.868,42.501,38.136,10,13931,4359,9036,23,825,4766,4987,1942,870,302
子供手当 支給月,1.867,13.858,18.381,17,23706,9382,13335,41,982,9845,10571,1328,319,197
インフルエンザ 濃厚接触者,1.866,112.259,16.35,48,67031,17439,46221,430,2716,17574,31955,9826,2288,691
そろばん,1.866,18.173,34.966,24,33524,9601,22272,296,1194,8770,14347,4459,2367,1337
就学援助制度,1.866,64.309,39.392,19,26538,8006,17478,78,951,10104,11399,2542,855,237
usj 駐車場,1.866,82.209,41.184,18,25128,13611,10790,49,1027,7065,12292,3284,865,317
自由研究 まとめ方,1.865,-58.252,24.347,21,29352,5526,21915,401,203,6844,17862,2597,266,232
アスレチック 関西,1.865,-43.893,48.935,13,18179,6749,10498,208,1428,4213,9407,1972,330,170
哺乳瓶グミ,1.865,-85.586,48.493,10,13986,3454,9560,378,834,3560,6484,1613,406,150
希学園,1.863,1.258,24.275,10,14010,4431,8922,108,267,1931,8011,2466,564,405
子供 発熱,1.862,-28.946,44.323,10,14021,3614,9893,24,288,6171,6242,803,236,83
ニトリ 学習机,1.86,101.744,43.396,12,16858,4815,11304,48,214,6329,8090,1320,414,176
修学旅行 バッグ,1.859,-117.478,43.615,13,18278,2888,14148,346,117,2542,11514,2879,183,131
少年野球,1.859,-63.463,46.683,12,16881,9113,6856,116,248,2659,8808,3019,963,574
千種高校,1.859,-40.12,43.452,10,14062,5578,7302,787,877,1192,5782,3520,775,394
カエル 折り紙,1.858,-36.459,45.384,12,16886,3116,12939,84,1475,7630,4886,1377,829,243
勉強机,1.857,-13.893,29.462,25,35220,11077,21860,848,2263,10056,14292,4489,1435,654
マイナンバーカード ポイント 子供,1.857,55.337,27.194,12,16904,5686,10461,79,350,4120,8503,2916,446,181
英検 解答速報,1.855,-28.007,35.811,10,14120,3246,9510,1877,589,1069,6664,2635,338,158
マイナポイント 第2弾 楽天,1.855,-37.717,35.741,10,14118,7017,6646,20,657,3100,5034,3058,1449,615
聖徳学園,1.854,-14.064,40.714,14,19790,6954,11672,403,731,1941,8338,5359,1633,788
四谷大塚 偏差値,1.854,35.289,39.992,14,19780,6596,12371,158,177,1228,11133,5681,746,415
入学式 服装 ママ,1.853,124.323,16.504,46,65077,5528,55658,192,1258,19734,31686,8612,1399,637
0120907485,1.853,-42.625,29.24,28,39597,7889,30103,116,214,12987,23292,2005,270,200
キッズケータイ ソフトバンク,1.852,5.596,27.449,13,18414,4719,13268,73,374,6577,9482,1373,303,128
自転車 安い,1.852,14.175,52.921,10,14169,5351,8206,184,2695,4795,4422,1543,247,84
海釣り公園,1.851,-18.226,33.54,16,22678,14051,7646,118,998,4452,9419,4940,1550,727
保育園 料金,1.848,-0.016,25.04,26,36963,14306,21130,95,5695,17380,7194,2971,2291,670
分数の割り算,1.848,-21.643,41.445,17,24182,9131,13434,391,1370,4104,10711,4480,1568,683
素因数分解,1.848,12.954,32.02,14,19905,8698,9300,1482,2278,2886,8057,2926,733,392
サンダル キッズ,1.848,-76.722,39.971,10,14219,1861,11754,49,218,5235,7383,737,260,126
読書感想文,1.847,-119.522,19.698,28,39851,10265,25216,3368,1270,7371,19323,4585,675,420
ニ段ベット,1.847,-80.338,31.491,21,29893,10320,18112,192,668,8553,14114,4044,1289,435
フォートナイト ニ段階認証,1.847,-27.31,32.346,16,22784,8939,11948,960,415,4592,12334,2728,282,182
子供 鼻血 よく出る,1.847,-21.91,40.186,11,15655,4227,10774,26,388,7204,6757,741,189,103
就学支援金制度,1.846,50.492,23.94,39,55563,16914,35971,386,949,8655,28978,13428,1592,545
修飾語とは,1.846,-88.396,31.077,19,27070,8352,16846,441,995,5901,13560,3461,1147,573
反抗期,1.846,-103.496,44.018,10,14246,4068,9279,292,835,3359,6266,2133,619,319
あんしんフィルター softbank,1.844,-42.99,31.646,13,18566,5434,12485,400,265,2983,11319,2979,203,160
東京 県庁所在地,1.843,18.959,49.441,11,15721,5733,9035,507,2301,3866,6938,1401,157,73
浜学園,1.842,-6.909,21.126,21,30037,9477,19057,303,759,5163,16499,4964,1157,626
ピンクラテ,1.841,-5.039,28.786,31,44386,6579,34789,907,1358,8434,25364,5682,761,478
体操教室,1.841,1.666,40.643,17,24339,4236,18872,73,453,8760,11210,1788,907,617
数検 日程,1.841,-57.835,51.682,12,17185,3952,11977,726,444,852,9055,4944,412,172
卒業式 母 服装,1.84,126.691,13.655,69,98896,11387,81113,491,644,11784,56230,24198,1918,895
四谷大塚,1.84,1.041,17.016,46,65942,20770,42261,508,668,7228,38697,14131,2327,1387
松蔭高校,1.839,-68.15,36.885,13,18650,5986,10961,1129,1290,1836,7545,4476,945,434
市民プール,1.839,-95.932,44.586,12,17219,5837,10406,259,920,5192,7724,1722,602,315
反抗期の息子への対応,1.839,-114.446,48.168,11,15790,3314,11526,66,62,1503,9774,3493,306,194
年賀状じまい,1.839,3.291,39.341,10,14348,5486,8191,28,175,1784,4579,4041,2158,1310
z会 マイページ,1.838,18.707,29.34,17,24405,6623,16645,448,175,3305,14411,4935,475,306
子供 嘔吐 熱なし,1.838,-53.541,32.736,15,21533,4500,16228,20,836,11948,7400,603,322,112
学資保険 必要か,1.837,2.148,30.783,16,23001,8453,13650,20,1814,11028,7056,1611,912,227
switch テレビに映らない,1.837,-67.831,34.2,12,17244,7221,9149,352,2806,6602,5757,1140,168,72
ひめちゃんとおうくん 母親 離婚,1.836,-64.458,32.448,21,30228,7100,21546,276,578,10746,15110,1907,624,184
連立方程式の解き方,1.836,34.374,26.065,16,23036,8589,12442,997,2630,3631,9279,4019,881,435
全力少年,1.835,-36.681,36.221,11,15845,7091,7723,421,1538,2546,5182,4130,1200,225
amazon ポイント,1.835,-13.289,29.282,10,14409,7142,6777,105,1580,4181,4527,2742,846,305
カロナール 子供,1.832,2.278,23.63,47,67885,11598,52975,222,692,18917,39405,5315,1270,711
漢検 日程,1.831,-23.221,24.058,37,53512,12193,37357,2616,2965,5384,25473,12270,1906,926
老後資金 夫婦二人 持ち家,1.831,-0.089,29.0,14,20247,7532,11604,27,236,1906,4761,7654,4287,824
開成中学,1.831,0.195,31.539,11,15903,4975,10041,274,390,2181,8608,3083,577,390
電車 子供料金 何歳から,1.83,31.519,37.35,20,28954,9580,18260,106,1157,13856,11129,1327,680,225
ポンポネット,1.828,90.496,44.079,10,14509,1866,11855,175,1962,2975,5856,2369,651,209
大学受験 日程,1.828,11.428,29.927,10,14509,5055,8508,581,616,1037,5400,5261,871,314
夏休み 自由研究,1.827,-79.91,28.273,15,21777,6308,14164,185,182,3867,12004,3403,859,569
ダウンライト 交換,1.825,32.373,43.359,10,14555,7438,6552,22,575,4381,4884,2776,1294,422
スイちゃん 歴代,1.823,33.947,33.169,13,18959,4642,13277,318,1296,5845,8342,2204,369,102
プール 関東,1.822,-52.69,34.123,12,17514,7053,9765,241,2273,5103,7531,1692,261,117
マイナポイント 第2弾 子供,1.821,5.199,25.966,22,32138,14502,16716,80,395,8203,17639,4378,697,415
コロナ 嘔吐,1.82,-78.488,28.454,27,39497,10380,27409,366,4240,14580,14701,3917,800,220
カワイ音楽教室,1.82,2.324,35.81,19,27783,4522,21902,102,780,9497,11644,3235,1481,560
コロナワクチン 子供,1.82,-11.025,39.786,19,27776,4099,22240,68,355,8113,15716,2226,419,274
ラッシュガード ジュニア,1.82,-176.108,37.26,12,17543,2349,14311,63,72,3639,11170,1881,282,145
コロナ 家庭内感染 何日後,1.82,-76.841,39.231,12,17540,3469,13289,78,586,5349,8027,2620,500,100
武田塾,1.819,0.008,14.688,46,67310,29605,33216,3114,3897,8179,26325,20019,2549,1020
筆箱,1.818,51.103,32.297,23,33690,8610,21372,2647,1468,6678,14432,4408,982,642
フリースクールとは,1.818,0.331,28.14,13,19049,5651,12039,431,1482,2991,7672,3700,1350,680
アウトドア リュック,1.818,-31.037,44.8,11,16125,4598,10682,108,727,3287,7809,3071,604,181
読書感想文 書き方,1.817,-82.384,13.214,67,98280,23882,64360,6310,2486,19819,50058,10603,1515,1014
1リットルは何デシリットル,1.817,-2.241,49.435,10,14669,3726,10049,128,263,3557,7550,1450,841,424
公立高校 入試 日程,1.815,64.26,35.2,19,27932,7809,18066,826,620,2100,13502,7319,1433,976
ランドセルカバー 人気,1.815,123.474,42.846,10,14696,2091,11849,25,126,4947,7771,1027,361,150
人口密度の求め方,1.814,-106.531,31.766,11,16186,4727,10048,594,936,1949,8803,2216,523,334
カムイみさかスキー場,1.814,-18.313,27.267,10,14709,8335,5802,135,1696,2602,5668,3305,795,280
ニンテンドースイッチ 修理,1.813,-10.02,44.859,13,19145,9557,8819,162,552,4116,9692,3380,622,272
防災頭巾,1.813,67.527,48.269,11,16193,2844,12698,93,694,5700,7127,1549,540,245
起立性調節障害 症状,1.812,81.7,32.374,16,23582,4409,16989,1004,1310,2099,9435,6128,1557,845
矯正 値段,1.812,-16.092,25.774,13,19171,5130,12487,1162,6475,3786,4517,1956,425,163
40代 ファッション,1.811,-14.936,38.344,20,29516,3895,24196,117,334,1908,22256,3959,295,189
英検3級 二次試験,1.81,-5.957,29.442,24,35455,9483,22968,1627,417,1454,19833,9091,704,552
103万円の壁,1.81,1.45,28.043,22,32479,12602,18022,285,3133,4584,10509,9638,3027,529
中学生,1.81,2.964,28.296,17,25116,9563,13071,1324,1585,3775,10698,4700,993,533
スナップスナップ ログイン,1.81,6.067,53.874,11,16248,4039,11604,139,222,3124,8080,3870,416,213
教育資金贈与,1.809,1.505,42.102,15,22186,10661,10605,42,555,3172,7413,6456,2439,1717
伊奈学園総合高等学校,1.808,57.497,38.166,12,17763,6359,10111,714,1001,1899,7636,4584,818,369
不倫 慰謝料 相場,1.807,151.018,33.265,10,14818,6489,7677,58,2104,5308,4468,1936,494,167
武蔵野大学 偏差値,1.805,15.157,38.29,15,22264,7998,12581,1348,1769,1609,6820,7932,1352,567
本初子午線,1.805,52.405,64.103,10,14849,6008,7566,734,2092,2480,5649,2167,638,313
女の子 髪型,1.804,9.524,26.936,15,22288,6583,14453,284,771,9800,9322,892,390,208
gmarch,1.803,76.763,37.219,15,22304,10071,10795,1210,1202,1997,9089,5993,1375,669
使い捨てカメラ,1.803,23.47,46.818,11,16358,4678,10666,309,1148,3077,8112,2279,616,349
突き指 テーピング,1.803,-77.077,36.082,10,14871,4267,9581,664,764,2890,7792,1885,251,91
帯分数とは,1.802,20.372,28.043,12,17873,6451,10259,329,995,2998,8283,2801,1285,569
マナカ マイナポイント,1.802,14.09,59.97,10,14895,5714,8501,76,393,1747,4930,4630,2000,799
身長伸ばす方法,1.801,-8.879,25.535,35,52153,18641,27564,3904,3967,7592,21961,8329,1661,866
自転車 タイヤ交換 料金,1.801,11.008,42.381,12,17882,7854,9331,177,1304,3737,7022,4169,897,312
不登校の親の特徴,1.8,10.486,25.112,23,34325,7551,24763,242,279,3898,18340,8734,1247,714
英語 アプリ,1.8,-17.75,27.225,19,28338,9739,16959,323,1235,4717,10500,7151,2701,895
児童手当 所得制限 2023,1.799,104.792,20.704,34,50794,19548,29231,149,1444,15853,22755,6739,2173,902
ひらパー チケット,1.798,33.703,39.375,16,23906,6316,16071,799,2268,5713,10231,2982,863,292
あんしんフィルター 解除方法,1.798,80.037,48.888,11,16445,5545,9695,1006,455,2139,8838,3051,167,97
模試ナビ,1.795,-1.171,33.86,11,16488,6134,7559,5894,1362,358,3116,3617,302,142
あんしんフィルター,1.794,-6.12,25.869,47,70513,26129,39927,1592,966,8134,39904,15691,1357,685
住宅ローン シュミレーション,1.794,-0.14,26.91,19,28518,16634,11071,42,2466,12817,8938,2945,869,236
子供 自転車,1.791,-118.074,60.161,11,16557,7629,8402,19,442,7232,6939,1061,484,180
パート 求人,1.789,47.603,25.999,41,61853,6093,52095,125,1854,12660,23230,17898,3863,767
擦り傷 早く治す,1.789,-21.596,46.327,11,16598,5232,10428,266,1005,3236,5961,3692,1433,527
アメリカ 金利,1.787,37.728,40.445,13,19655,15131,3937,39,1015,4050,6255,4854,2445,731
都立高校,1.786,59.83,30.475,20,30252,10749,17568,872,687,1666,12258,9617,2648,1605
フェキソフェナジン 子供,1.786,14.446,45.147,10,15123,2168,12255,48,441,6003,7187,806,275,112
整数とは,1.785,-4.644,28.688,28,42415,16512,22566,1626,2007,6388,18912,7785,2413,1389
フォートナイト 年齢制限,1.785,-16.531,30.47,20,30295,11661,16771,598,453,7120,17176,3420,317,191
抗原検査キット 無料,1.784,-27.188,43.227,10,15164,5434,9115,56,924,3311,5259,3891,1190,280
名城大学付属高校,1.782,-16.571,41.717,10,15187,4537,9480,622,429,744,7924,4019,431,337
うちわ,1.778,54.711,33.432,14,21345,5080,14969,821,3634,4370,6005,3877,1472,561
日能研,1.777,0.012,12.931,56,85498,29172,52369,673,2111,12674,45898,16634,4244,1785
遊園地 ランキング,1.775,-86.016,40.464,14,21418,10610,9669,422,2033,5465,9513,2592,583,261
映画 料金,1.775,34.134,49.566,12,18346,5330,11905,545,1737,3954,6531,3938,933,163
髪型 セミロング,1.771,10.029,32.931,15,23028,1207,19898,245,1434,7536,7307,4262,1029,249
バスケットシューズ,1.77,55.138,48.986,15,23053,11963,9868,290,731,3176,11396,5213,1113,503
美容師 年収,1.77,-1.804,35.933,13,19993,8030,10510,854,2981,4714,6507,3222,704,267
高校入試,1.769,86.826,19.187,16,24630,9224,13485,821,870,2062,11520,6375,1179,769
漢字検定 日程 2023,1.768,44.345,18.019,28,43139,8669,32138,500,895,5996,24292,8073,1529,821
吹奏楽,1.768,-33.204,35.309,13,20022,7765,10733,659,1096,2475,7320,4803,1763,987
夏休み 旅行 2022,1.767,-146.717,30.772,13,20040,6132,12873,184,1085,2756,8589,5831,929,252
スシロー 子供 3皿,1.766,-91.233,34.129,10,15439,3242,11689,38,604,8389,5352,501,267,116
子ども手当 所得制限,1.765,27.934,37.593,16,24727,10788,13031,51,352,7511,13319,2148,652,360
合唱コンクール,1.763,-2.023,30.975,11,17036,5362,10331,476,836,2020,6461,4092,1625,716
男の子髪型短,1.762,-33.38,37.196,15,23234,3058,18937,114,357,8124,12576,1132,248,154
サッカーボール 4号,1.761,21.63,51.117,11,17065,8113,8139,91,258,4908,9116,1522,504,285
希望ヶ丘高校,1.759,44.419,46.994,13,20215,8154,10449,1019,1209,1720,8027,5367,1205,685
ワイモバイル 解約,1.759,130.084,50.57,12,18656,9305,8872,134,1371,4413,6254,4450,1359,549
埼玉県 高校 偏差値,1.759,33.605,42.631,10,15540,6713,7917,237,451,1864,7213,3842,922,543
バス 時刻表,1.758,-6.885,41.473,13,20228,7503,11345,900,2600,5362,6451,2874,810,511
公文,1.757,-0.496,33.113,24,37386,9071,26490,273,1376,10052,18021,4801,1422,721
課税証明書,1.757,6.46,34.347,12,18690,8734,9284,39,1654,5742,6185,3565,1002,264
因数分解,1.756,19.935,24.446,23,35844,15893,16549,2929,4704,5804,12190,5827,1485,901
児童手当 所得制限,1.756,2.925,40.438,11,17154,6963,9646,43,1035,7270,6678,1328,450,209
小学3年生,1.755,-8.115,22.675,11,17164,6069,10175,70,268,3567,9204,2186,924,522
自転車 スタンド,1.754,-47.664,38.856,10,15625,10482,4669,118,470,3300,6312,3235,1337,677
乗換,1.753,-123.354,31.21,11,17197,9219,7458,92,812,4247,5792,3573,1597,971
ユニバーサルスタジオジャパン 待ち時間,1.752,-2.629,42.131,13,20354,6929,12317,473,2647,4601,7925,3544,454,159
あやとり,1.752,32.51,47.73,13,20340,5827,13395,357,1415,6612,7631,1884,1225,680
ゼルダ 新作,1.752,66.848,38.056,10,15652,9568,5447,143,2117,5713,5369,1475,429,141
むね肉 レシピ 人気 殿堂,1.752,37.333,48.577,10,15645,1983,12784,38,230,2764,6716,3952,993,571
スクールカウンセラー,1.751,-7.966,40.088,15,23510,5513,16414,507,1440,4015,10502,4638,1304,349
東進,1.75,8.949,20.15,35,54900,23265,27381,4203,2237,3292,19474,19304,2955,1345
クリスマスプレゼント 子供,1.75,4.592,23.577,14,21964,6258,14435,136,721,6626,8947,2569,1777,547
共通テスト 平均点 2022,1.75,35.593,30.212,10,15691,7287,6750,2041,1146,486,4439,5762,629,249
英検3級,1.749,13.35,21.613,56,87904,26082,55038,3171,1768,6279,47975,20202,2635,2062
30代 貯金額平均,1.749,-93.349,31.964,12,18840,8334,9794,21,1417,15437,1050,185,348,134
華原朋美 身長,1.749,-64.441,32.138,12,18832,2138,15769,107,605,3795,8643,4429,728,191
リコーダー,1.748,-6.952,26.82,17,26706,7262,17864,399,1022,5506,11532,3754,2114,1510
英会話教室,1.748,-0.026,27.2,12,18854,5457,12367,162,2187,3890,5798,4224,1545,628
開智中学校,1.748,-13.633,34.147,11,17292,5234,11156,201,246,1850,9621,3643,753,566
メイク,1.746,60.374,35.379,17,26768,4828,19710,969,2689,6152,8955,4905,1410,522
成長曲線 男子,1.745,10.872,46.144,12,18905,3419,14768,62,632,8804,6959,1467,534,181
クロサギ 最終回,1.744,73.896,30.446,10,15779,4002,10878,174,1369,3697,4736,3695,1422,302
都立高校 偏差値 2023,1.743,108.862,23.437,26,41070,13380,25598,380,624,2865,18216,13229,2885,1929
お金を貯める方法,1.743,-15.324,24.008,18,28441,7959,18605,372,3409,6500,9320,6129,1419,350
ゆーえすじぇー チケット,1.743,-6.099,33.5,15,23691,6633,15595,325,1884,5249,11334,3186,861,244
じゃんじゃん亭,1.743,-94.296,38.216,15,23685,11259,11221,554,2915,4949,7849,5136,1276,355
ニンジャパーク,1.742,-20.56,46.459,12,18976,6434,11773,208,1405,5506,8986,1881,437,205
夏休み 工作,1.741,-89.113,26.176,16,25319,7286,16601,156,291,6747,13129,2750,1019,502
eccジュニア,1.74,-1.361,22.716,32,50696,9873,38134,341,1316,13135,23794,7352,2618,1047
マイナポイント 子供 口座,1.74,54.877,40.088,11,17424,6578,10301,33,471,6392,8481,1575,204,108
小学生 平均身長と体重,1.739,-3.879,25.653,22,34874,13284,19486,526,994,7896,17929,4091,1167,1183
都立高校 偏差値,1.739,-52.452,33.362,14,22206,7576,13359,419,750,2052,10045,6300,1297,742
逆上がり コツ,1.739,-62.09,55.464,10,15851,5226,9819,104,398,4663,7752,1468,670,418
コストコ 守山,1.738,4.77,46.243,11,17464,5975,10853,72,1144,4876,6355,3716,855,202
ソフトテニス,1.737,-34.955,34.027,15,23829,12940,8998,811,1155,3228,9288,5603,1706,841
スポーツブランド,1.737,-50.505,37.879,10,15894,4537,10246,346,1538,3218,5210,3421,1227,305
新ニーサ いつから,1.737,-16.194,53.147,10,15887,10306,5086,12,1341,5261,5217,2764,936,197
英検4級,1.736,16.032,24.118,28,44534,11744,29898,783,501,4059,27213,8389,1083,995
小学生,1.736,-25.924,24.659,19,30218,11027,17302,694,1764,7520,12890,4088,1499,839
キャンプ 持ち物,1.736,-107.681,31.338,17,27031,9504,16450,167,3203,8665,10961,2642,714,248
プール コロナ,1.736,-33.234,25.516,11,17488,4943,11574,157,734,4076,9245,2153,483,220
明和高校,1.735,-38.573,35.115,11,17514,6455,9703,757,909,1818,7559,4109,995,590
オープンキャンパス 服装,1.735,-26.775,36.037,10,15920,3671,9967,3668,608,438,5774,3872,124,56
小児科 何歳まで,1.734,61.841,30.365,30,47802,11590,33428,722,2149,8579,24929,8534,1096,606
auじぶん銀行 住宅ローン,1.734,-5.845,29.124,16,25498,15396,9337,34,1526,10256,8894,3400,879,259
クリスマスケーキ 予約,1.733,-2.542,30.289,14,22337,5708,15753,128,4116,7288,6346,3057,881,236
原宿 竹下通り,1.732,-51.997,21.862,17,27138,6978,18260,1424,2668,4451,11384,4933,896,420
漢字検定 過去問 無料,1.732,-7.84,54.433,10,15965,4577,10629,133,232,1803,8100,3276,1352,755
住宅ローン 金利 今後,1.729,31.594,28.403,16,25620,15269,9400,29,688,6909,9913,5538,1667,477
幕張総合高校,1.729,12.826,31.839,13,20826,7659,11655,923,1167,2085,8643,5464,1145,541
フリード 新型,1.727,18.851,37.113,14,22458,11039,10461,82,1439,8316,7438,2936,1221,533
桃狩り 山梨,1.727,-201.095,41.599,10,16054,6943,8496,42,1142,3068,5109,4348,1580,498
つるかめ算とは,1.725,-12.6,44.695,11,17690,6803,9881,264,1121,2803,7798,3113,1320,784
ハーシス id 届かない,1.724,10.761,25.992,12,19323,5927,12585,47,947,4781,7962,4149,890,216
帝京平成大学 偏差値,1.723,17.927,25.915,13,20942,8580,9957,2511,2777,1594,6079,5435,725,318
人権作文,1.723,-181.886,50.62,11,17715,5111,9854,1818,436,1624,8280,2995,382,221
うどんだし レシピ,1.723,29.667,50.725,10,16112,5790,9415,124,1523,4301,5418,3037,976,288
レピピアルマリオ,1.722,1.418,29.89,25,40307,6048,31486,979,1429,6945,23327,5365,593,346
オープンキャンパス,1.722,4.156,27.596,15,24187,7403,14541,2559,977,1244,9619,7771,601,253
フルルガーデン八千代,1.721,-19.743,44.724,11,17756,6698,10246,142,937,3770,6193,4559,1378,435
パート,1.72,-9.045,28.845,29,46882,12383,31887,188,2099,9306,16113,11942,4740,1472
pta,1.72,37.728,34.056,23,37177,16584,18915,158,1558,8695,16534,6738,1947,902
月 今日,1.719,-24.569,30.281,14,22655,6965,14480,495,3623,5880,7463,3605,867,206
sp500 チャート,1.719,-14.539,31.83,10,16172,12608,3086,19,745,3684,5353,3928,1764,506
新幹線 子供料金,1.718,-37.287,30.743,24,38880,14682,23023,84,1049,16281,17298,2581,871,361
コノシロ 食べ方,1.718,-31.362,44.705,11,17820,10461,6613,59,745,3002,6407,4526,1878,783
olive 三井住友,1.717,61.519,29.616,11,17831,12364,5030,78,1767,3862,5044,4435,1947,584
0120 925 235,1.717,-23.469,47.893,10,16208,8148,7706,11,2260,7635,4086,1628,418,76
キッズデュオ 料金,1.717,28.686,49.868,10,16203,1895,13738,18,208,7502,7176,666,329,151
自然数とは,1.716,-0.121,32.262,21,34060,13343,16856,3018,1845,2530,14528,6570,1736,1259
佼成学園,1.716,8.014,40.517,12,19478,8956,9493,451,905,1767,7693,6031,1481,654
カンコー学生服,1.715,-29.368,33.423,12,19483,5561,12827,333,469,1763,9867,5367,964,235
40歳 平均年収,1.715,-33.43,32.601,11,17864,12755,4433,54,589,3908,11673,644,415,281
ボーナス 手取り,1.715,-65.162,43.721,11,17861,8525,8593,43,3019,5452,5836,2664,454,127
お弁当 子供,1.714,-101.339,38.609,17,27644,2636,23409,83,474,10586,13864,1384,416,205
チック 子供,1.714,-13.934,36.561,15,24392,3881,19168,60,631,8477,10502,2323,1365,440
教育委員会,1.714,18.107,41.775,12,19517,7840,10438,433,1124,3564,7920,3873,1420,601
奨学金 所得制限,1.714,20.033,41.349,12,19500,6243,12238,193,355,1325,9228,7185,596,211
年収1000万,1.713,22.178,15.661,52,84629,48706,31996,861,6002,18959,31996,19480,4421,1039
子供がコロナになったら,1.713,-106.739,25.555,15,24416,7319,15932,68,431,7149,11705,3243,889,383
子供の身長予測,1.711,3.526,44.871,11,17932,3878,13090,212,1606,5999,7056,2049,385,209
水イボ 放置すると,1.709,-84.024,27.9,19,31042,5567,23924,105,665,12476,12427,2811,1457,472
工作 小学生,1.709,-113.608,28.522,11,17975,4963,12056,85,385,4265,9450,2046,856,442
自由の森学園,1.709,-50.932,41.847,10,16334,4826,10579,325,664,1884,7098,4147,1196,554
花まる学習会,1.707,55.502,28.592,13,21284,3602,16769,80,309,5059,11844,2639,671,370
書類 収納,1.707,-0.631,31.038,12,19649,3286,15405,47,1244,5605,6492,4149,1285,431
別居 離婚 どちらが得,1.706,52.593,41.409,12,19676,5555,13130,44,440,4409,7999,4812,1224,323
子供 髪型,1.704,-130.184,28.434,21,34472,16526,16411,93,853,15115,15703,1430,381,221
ポケモンカード コンビニ,1.704,140.623,46.968,13,21340,9753,10649,266,2294,7440,7873,2200,605,206
下半身痩せる方法,1.704,47.029,46.068,10,16426,2373,12969,218,1428,4017,6033,3389,685,173
男の子 髪型,1.703,-4.009,22.87,43,70703,11790,55492,415,1775,31261,31428,3075,875,462
スパイファミリー グッズ,1.703,-137.149,32.712,19,31244,10083,19464,333,2275,7493,13365,5318,1372,291
ちいかわ ハチワレ,1.703,38.79,50.667,10,16442,4252,11177,430,2366,4690,5338,2330,674,170
英検 申し込み,1.702,29.498,17.422,46,75684,16336,53972,3862,1924,4203,39973,21075,1437,711
食べ放題,1.701,-26.541,29.551,27,44492,20191,21599,1140,3363,7913,16642,10647,2578,828
公立高校 合格発表日,1.701,145.576,47.61,11,18113,4915,11939,360,317,1468,8742,4827,1016,684
熟語とは,1.698,27.163,41.111,10,16515,5167,10094,418,745,2757,7730,2672,873,615
科学博物館,1.697,-17.93,29.103,26,42992,17172,23927,336,2420,8039,17206,8209,4184,1834
ナガシマスパーランド ホテル,1.696,-18.407,28.897,13,21511,7339,13109,287,2013,5683,8355,3016,1208,456
株 税金,1.696,-34.127,39.38,10,16546,11813,4232,47,1395,4338,5336,3466,1388,432
アンブロ,1.694,3.227,47.466,12,19911,10497,8471,202,1302,4299,8153,3877,1274,398
肉離れ 全治,1.694,25.86,38.515,11,18244,9799,7371,422,1303,3087,6734,4294,1286,493
fx 税金,1.693,-0.261,29.176,13,21578,16626,4335,41,1344,4722,7660,5252,1723,631
感謝の言葉,1.692,-38.216,20.829,13,21612,8343,11789,244,857,2040,6214,6908,3286,1217
パントリー収納,1.691,-78.498,48.197,11,18308,3001,14430,31,826,6359,6320,3006,1156,240
クリスマス チキン,1.691,-16.782,40.704,10,16637,5889,10105,78,1696,5724,5964,2272,511,173
主婦ジョブパート,1.69,-120.077,34.091,21,34976,4010,29100,76,533,6186,15504,10103,1636,284
バッタ エサ,1.69,-37.543,29.603,12,19986,6703,12323,76,426,7325,8644,1613,895,528
きれいめファッション,1.689,66.742,51.108,10,16666,3182,12447,242,2245,4739,6091,2299,486,112
マイナポイント 子供の分,1.688,-10.154,12.466,134,223529,62809,152567,646,7317,75349,107400,23874,4488,1565
大学受験,1.688,-0.829,23.208,23,38375,12496,23008,1594,885,1185,14776,16125,1511,895
ランドセルラック,1.688,86.182,33.678,12,20032,3377,15852,37,345,8576,8982,1124,511,178
雛寿司 食べ放題,1.688,-28.9,41.23,10,16685,7256,8774,73,1515,3481,5656,4952,457,272
体育館シューズ,1.687,-34.825,48.294,13,21712,6535,13894,427,1435,5176,9928,3106,739,369
キッズ携帯 おすすめ,1.687,74.123,35.579,10,16710,4505,11563,42,165,6084,8577,1191,293,141
スポーツ保険,1.686,-9.444,32.926,22,36783,16414,18984,118,1067,6708,16580,7773,2606,1413
球の体積,1.686,-26.469,37.128,12,20056,9992,7666,2222,2107,1366,6158,3830,1801,933
みなし陽性 証明書,1.684,-163.375,38.176,10,16754,4436,11626,32,842,5414,6995,2524,538,139
40歳 妊娠率,1.683,-94.094,25.428,10,16768,3284,12767,27,241,2994,11996,740,307,174
ラウンドワン スポッチャ,1.682,10.717,22.37,45,75519,24065,46116,3534,9740,19768,31363,6868,915,414
娘と合わない母親の共通点,1.682,-10.624,65.612,10,16791,1490,14227,55,163,1738,6173,6042,1798,347
貯金 1000万円 超えたら,1.681,-0.004,35.628,17,28564,11541,15632,67,2152,8674,9376,5387,1800,515
旦那 死んでほしいい,1.679,1.825,29.507,16,26933,3514,21966,101,1611,9128,10423,4170,747,172
七五三 写真,1.679,-90.034,43.081,10,16833,4175,11989,33,430,6869,7196,1003,776,291
スマホ 写真 プリント,1.678,-44.72,42.029,10,16855,5929,10120,85,1193,4304,5234,3800,1392,502
長靴 キッズ,1.677,-45.587,22.65,12,20254,2359,16857,29,310,7556,10052,1249,538,152
老人ホーム費用,1.676,-5.844,24.968,27,45576,21872,21510,101,1313,4869,11425,16148,7432,3148
英検 二次試験,1.676,9.849,45.521,10,16881,3525,11839,1433,536,870,8958,3960,214,87
副業 ランキング,1.675,20.507,38.746,17,28744,15510,12029,91,3359,8555,9955,5179,891,223
映画 マリオ,1.675,80.017,33.764,10,16902,6958,9104,253,1383,5032,7058,1832,731,239
千葉県高校偏差値,1.674,5.078,53.249,10,16914,7177,8581,301,393,887,6340,5573,1835,915
ジュニアnisa,1.673,-39.847,14.039,96,162665,69987,87553,584,6296,59943,68916,19458,4133,1791
漢検 申し込み 2022,1.673,43.361,37.438,13,22011,3739,16838,697,1003,2650,11064,4883,702,339
感覚過敏,1.673,-46.678,46.343,11,18638,3595,13799,332,2146,4931,6524,2884,932,350
癌 初期症状,1.672,163.211,27.503,11,18658,8099,9386,375,2922,6165,5482,2226,489,420
新nisa,1.671,31.995,23.226,29,49217,33743,14117,42,3725,13919,17353,9806,3118,832
ニンテンドー プリペイドカード,1.67,47.625,32.47,16,27192,13198,12744,284,2309,7555,12404,3400,488,243
サッカーボール イラスト,1.668,-55.979,49.619,10,17018,4006,11978,394,1296,4097,7084,2336,845,414
年収 手取り,1.666,-2.348,22.901,18,30716,16873,12628,84,4264,9530,9741,4964,1382,318
埼玉県公立高校倍率2023,1.666,130.638,39.063,11,18769,6258,11210,745,419,965,8163,6018,1015,726
ドコモ キッズ携帯,1.664,78.633,39.03,20,34183,10604,21833,66,405,9833,19307,3224,460,279
マイナポイント 子供,1.663,-4.71,31.868,22,37646,19996,16398,110,694,10655,19756,4951,617,434
児童扶養手当,1.662,-7.414,20.399,48,82178,19321,59196,332,3822,25696,34965,11577,3118,1244
インフルエンザ 検査,1.662,101.449,25.717,24,41112,10678,28462,204,2999,13794,16779,4918,1226,351
希望ヶ丘,1.662,70.694,39.038,11,18843,8960,8778,180,771,3573,6361,4362,2126,835
かんあきチャンネル,1.659,-53.357,34.441,21,36057,9132,24430,753,832,11914,16524,2529,1214,892
自転車置き場,1.659,-41.376,48.733,12,20608,10096,9612,87,391,5285,8921,3566,1360,599
西武園 プール,1.659,-59.208,32.649,11,18888,8082,10094,147,963,4411,9288,2877,622,249
ツーブロック 子供,1.658,108.163,46.87,19,32661,5535,25440,139,401,11206,18152,1670,270,162
大谷高校,1.658,-31.526,40.575,10,17197,6404,9322,893,871,1363,7213,4541,950,529
学資保険,1.655,-10.811,18.706,49,84542,37989,43019,239,6994,31606,28641,10258,3962,1383
妊娠7ヶ月,1.655,18.966,48.446,10,17254,2053,14374,44,2205,9509,3049,1068,864,142
10円玉 きれいにする,1.655,37.444,37.319,10,17242,6396,9781,251,626,2576,6674,4018,1872,624
北辰テスト,1.654,-11.052,29.157,20,34518,11779,20415,1082,1174,3305,17314,8852,1082,498
浮気 見破る方法,1.653,9.597,25.661,12,20735,6031,13404,146,2985,5911,6681,3588,629,208
デカパトス 2022,1.653,-134.488,45.701,10,17285,6565,9899,271,673,4944,8478,1923,442,177
オープンキャンパス 2022 大学,1.65,-60.229,27.615,18,31207,8685,19798,2594,496,511,12118,12908,784,265
オロパタジン 子供,1.65,-30.752,44.836,10,17329,1803,14707,57,235,6792,9014,620,178,130
年収500万 手取り,1.65,3.198,44.353,10,17326,8525,8111,66,2467,6377,5161,2337,549,125
高専,1.649,44.811,39.011,13,22548,10252,10897,710,1549,2922,8512,5827,1614,785
タブレットケース,1.649,46.461,34.607,12,20821,4355,15363,299,712,4257,9188,3737,1374,767
ミライコンパス,1.648,-12.974,44.301,11,19103,5563,12686,296,182,1546,11835,4548,263,142
中央値とは,1.647,-64.905,29.21,13,22603,10968,10146,596,1879,3996,8800,4469,1465,560
マツモト物置,1.647,28.5,45.295,13,22596,10966,10914,21,961,9690,8225,2501,743,171
近大附属高等学校,1.646,13.107,40.034,14,24356,9057,13367,887,745,1804,11570,6411,1157,679
庭 おしゃれ,1.646,41.748,36.134,14,24352,10375,12716,60,589,5760,8576,5850,2163,714
子供手当,1.646,47.019,45.973,13,22619,10757,11011,66,977,8440,9250,2389,839,351
概数とは,1.645,-63.478,35.414,22,38336,14881,21092,632,1213,7212,21066,5126,1241,630
テーピング,1.645,-19.706,36.915,10,17425,7481,8822,621,1409,2944,6249,3882,1165,536
チャレンジ,1.643,43.753,29.412,26,45392,14420,28970,283,1409,13372,19500,6488,2632,954
キャンプ場 関東,1.643,71.986,40.658,12,20940,11336,8930,101,1265,4350,8111,4802,1603,430
小説 無料,1.643,-11.212,27.636,10,17459,4885,11240,409,1259,2537,5205,4705,1860,795
ユニバーサルスタジオジャパン 混雑予想,1.642,-4.691,38.381,23,40183,12337,25708,288,2513,10081,19137,5688,1185,296
薬剤師 年収,1.641,3.251,26.849,32,55971,24349,27871,1819,6655,11884,18485,10935,3055,1214
ペッピーキッズクラブ,1.641,30.361,35.563,14,24485,5427,17961,81,1161,11081,9535,1589,454,172
年収800万,1.641,63.172,37.315,11,19241,13890,4495,126,900,5397,9054,2774,457,136
車酔い 治し方,1.641,-107.696,42.149,11,19230,5627,12198,749,3178,5125,6181,2359,665,222
ららぽーと 映画,1.641,26.816,42.047,10,17485,6140,10494,443,2847,5173,5933,2235,425,113
保険証 種類,1.64,80.017,29.932,19,33247,8134,23397,190,3416,12684,11845,3240,802,335
関西 お出かけ,1.64,-24.867,34.052,15,26253,9152,15868,291,4138,7597,8003,4492,1006,211
株式投資,1.639,55.234,24.9,13,22791,17067,4703,121,1726,3862,6188,5720,3103,1554
マイナンバーカード 子供,1.638,-16.217,36.739,20,35078,10967,22625,77,653,12176,17510,3158,543,388
はまぎん こども宇宙科学館,1.638,-69.954,35.356,13,22793,6449,15439,110,512,6579,11417,2439,854,544
横浜 子供 遊び場,1.638,4.376,34.231,10,17550,5169,11833,19,588,8553,6801,866,395,123
iphone se 第2世代 ケース,1.637,-103.073,41.714,11,19309,9421,9013,213,823,3382,6549,5387,2023,533
化粧水 ランキング 40代,1.636,0.459,42.006,16,28118,2788,23832,53,145,2502,22328,2111,154,245
大学 偏差値 2022 ランキング,1.634,-53.686,17.081,54,95086,47499,41553,2444,2929,6116,31515,34909,9393,4453
リフォーム 相場,1.633,-8.237,27.608,14,24686,10643,13021,62,1316,5136,7044,6832,3161,704
タイブレークとは,1.633,-60.226,36.007,11,19388,7895,10287,325,1064,2330,6317,5119,2308,1206
マイナポイント 子供の分 やり方,1.632,-21.516,28.622,18,31770,14606,16470,50,476,8838,16260,5290,494,171
緑茶 カフェイン,1.632,80.361,47.25,14,24711,7638,15866,260,3714,8413,6098,3794,1446,468
桜まつり 2023,1.632,147.773,32.778,12,21181,7056,12810,724,2776,5050,6707,3765,1136,315
サマーランド チケット,1.632,-66.304,30.447,12,21181,6960,13219,539,2491,5173,8901,2900,501,202
サイクルスポット,1.632,30.16,42.711,11,19421,9250,9419,96,648,3402,8020,5033,1432,526
マイクロバス レンタル,1.632,-10.508,57.494,10,17650,11067,5963,58,823,3809,7105,3858,1335,372
トランポリンパーク,1.631,13.383,41.209,22,38870,12749,23918,1128,3921,9783,18164,3614,828,344
読売ランド,1.631,12.936,33.276,17,30028,12168,16401,575,3977,7160,11075,4604,1333,678
ポケモン映画,1.631,-20.155,47.292,11,19422,8922,8997,727,5932,5540,3999,1792,509,141
usj マリオ 整理券,1.631,41.082,36.265,10,17670,6157,10825,204,1812,5503,7887,1584,341,110
ゲームセンター,1.63,33.067,29.756,17,30066,15380,13047,632,2687,7264,11445,5265,1487,453
ナガシマスパーランド チケット,1.63,47.585,39.526,12,21225,6805,13007,1031,3311,3706,8405,3270,580,204
環境,1.63,-17.754,37.968,12,21219,10105,9706,305,930,1880,5193,6855,3604,1610
貯蓄型保険,1.63,6.739,32.697,10,17690,5530,11396,34,969,4100,6113,4644,1283,253
水泳,1.629,-64.946,37.821,14,24782,11690,11407,607,1276,3358,7488,5437,3348,2228
星のカービィ wii,1.628,143.266,38.663,10,17711,9588,7132,406,1600,6667,6732,1250,388,171
児童手当 所得制限 2022,1.627,-49.525,16.406,55,97504,36497,57349,181,3650,35136,41570,10968,3364,1295
adhd 子供,1.627,-75.158,45.301,18,31923,4459,25897,93,1130,11395,13650,3033,1437,484
准看護師,1.627,17.158,40.038,12,21289,7162,12920,260,2360,4836,6856,4458,1484,508
複利計算 シミュレーション,1.625,-4.095,27.477,21,37336,28049,8284,60,1788,9229,12890,8426,3522,1056
英検 合格発表,1.624,9.857,12.108,108,192192,45672,127848,17231,3497,8183,96824,49935,3287,2633
コロナ 家族が感染したら,1.624,-25.655,31.799,23,40935,14132,24982,323,2458,9529,16867,8903,1748,396
40代 ダイエット方法 女性,1.624,-81.173,25.663,15,26692,1037,24391,71,53,1143,23717,1022,87,135
英語検定,1.624,-24.758,42.584,13,23137,9439,12273,722,1316,2748,8504,6185,1931,1014
サイクルポート,1.623,28.126,40.738,18,32041,18137,12754,62,673,9767,13364,5084,1905,697
文武両道,1.622,63.62,39.531,12,21399,7692,12118,548,829,2509,8588,4912,1810,1280
東大 偏差値,1.622,5.536,29.654,10,17825,6315,9907,1254,1528,2928,6771,3206,672,530
パート 扶養内,1.621,-1.813,30.06,28,49977,9185,37727,112,1005,7943,18380,16367,4133,696
コープ共済 子供,1.621,-21.834,29.085,19,33915,4770,27741,91,1448,13699,14612,2982,445,171
ホウセンカの花,1.621,-50.642,26.953,18,32114,8042,22044,88,243,6603,14683,4717,3014,1671
みまもりgps,1.621,8.11,30.465,13,23205,8162,14078,38,306,6076,10635,3620,1515,646
療育手帳 判定基準,1.621,-9.181,43.537,13,23185,4750,17299,51,749,5773,9138,4579,1925,468
ひめちゃんとおうくん,1.62,-78.421,35.187,22,39281,8827,28075,536,1084,13783,18610,2556,922,483
いじめ,1.62,-38.163,45.946,16,28588,11076,14813,1289,2891,4937,9801,5609,1812,704
約数とは,1.62,-1.054,31.88,11,19648,6848,10887,1236,1072,3076,9127,2659,770,470
ih 焦げ 落とし方,1.62,-26.752,42.737,10,17858,4777,12364,81,1771,6551,6630,1915,400,224
鳥インフルエンザ 人間 感染,1.619,24.436,23.349,13,23250,8234,13648,406,2098,5853,7319,4398,1864,660
コロコロコミック,1.618,-4.999,29.054,31,55503,27848,24775,771,3921,14751,25443,6976,1589,726
目やに 子供,1.618,54.19,33.229,11,19678,3647,15287,19,1098,11727,5467,489,462,130
お弁当 詰め方,1.616,3.298,27.567,18,32285,4044,26242,210,1787,6536,13819,7048,1578,370
sapix,1.616,0.002,17.596,15,26910,10625,15208,302,1413,5546,13236,4475,1028,537
シャープペン 人気,1.616,80.674,47.467,13,23304,8010,13163,1405,1123,2920,10192,4737,1064,514
墨汁 落とし方,1.615,-13.795,36.929,22,39502,7869,29735,238,414,7996,22588,5726,1150,621
数学検定,1.615,10.608,33.071,19,34095,13123,18953,840,1398,3853,16383,8361,1638,709
ディズニー 入場制限,1.614,-142.447,27.932,15,26960,8635,17243,298,3482,9976,9955,2290,409,142
肉じゃが めんつゆ,1.614,5.299,30.009,11,19762,4428,14223,56,1497,4974,6327,4045,1591,787
右 英語,1.613,-113.242,42.687,12,21593,7854,12365,394,1591,3898,7115,5516,1641,680
ニカ ワンピース,1.613,-65.247,53.616,10,17986,11922,5282,189,2527,6988,5513,1978,308,111
マリオ 映画 2023,1.612,146.954,27.151,21,37824,10223,25756,206,1706,12056,17658,3669,1234,472
潮干狩り 2023 愛知,1.612,62.256,15.029,11,19796,10052,8926,64,533,4211,8000,4105,1883,566
クイズ 子供向け,1.611,-9.958,40.53,15,27033,11180,14196,393,1145,7000,12824,3024,1120,609
昼御飯 簡単メニュー,1.61,-2.967,27.903,20,36069,7835,25687,529,2121,7262,13925,7660,2431,873
福袋 2023 ミスタードーナツ,1.61,6.29,29.094,15,27061,8636,17218,219,1261,5744,10546,6506,1952,364
usj 開園時間,1.61,24.51,53.968,10,18044,6793,10493,231,2618,5574,7210,1714,343,104
ラウンドワン 料金,1.609,18.033,16.872,79,142722,48114,82073,10243,17690,28269,57185,17438,3139,1428
ナップサック,1.609,-41.307,31.86,20,36129,10555,23471,544,1840,8213,15897,5444,2067,1110
スマブラ キャラランク,1.609,13.661,38.537,14,25277,19574,3417,1521,6668,7876,5959,1378,297,128
部屋 コーディネート,1.608,29.438,43.631,14,25307,7920,15913,332,3101,6072,8282,5342,1215,304
ベネッセ,1.607,8.866,15.93,73,132031,46127,79116,1956,4490,22567,50652,31268,12504,5590
夕ご飯レシピ人気,1.607,15.243,42.73,10,18088,5077,11821,77,752,3038,7675,4433,1166,371
バイク 免許,1.605,100.978,33.684,16,29013,16918,10422,1031,4586,5501,8395,6507,1544,564
旦那が嫌いで仕方ない 40代,1.605,-29.996,34.436,15,27196,2819,22788,103,64,1802,21889,2393,175,151
釣り堀,1.605,-74.062,27.285,15,27194,16360,9429,228,2059,5798,10274,5052,2031,990
子供 コロナ 症状,1.604,-87.008,17.27,58,105313,23086,77028,223,2450,41900,47746,6613,2880,1287
アップライトピアノ,1.604,17.251,39.746,17,30865,10222,19082,327,2222,9202,11088,4378,2123,854
ポケモン 映画 2022,1.604,-158.052,30.897,13,23587,7809,14643,316,4120,8614,7981,1646,324,141
キングダム 王騎,1.604,25.71,46.997,10,18149,7749,9533,215,2354,5352,6163,2992,565,122
お年玉,1.604,121.906,28.342,10,18144,7937,9309,179,1082,4150,5418,3181,2047,1653
ピアノ発表会,1.604,-76.767,39.05,10,18142,2692,14394,110,161,3148,9996,2789,1026,452
児童手当,1.603,16.327,12.942,125,227055,84569,133114,636,12556,85344,88705,24234,8163,3694
新ニーサ わかりやすく,1.603,52.999,31.625,13,23626,12887,9895,32,1386,5688,7871,5519,2258,542
分数の足し算,1.603,17.567,36.547,13,23621,8808,13061,538,1383,5055,9652,3763,1530,640
ぷにぷに 隠しステージ 解放,1.602,-181.226,30.994,17,30907,14923,11783,3085,1155,3244,14851,4672,481,288
アルプス一万尺,1.602,-35.056,40.552,13,23634,8137,14280,267,1368,6556,9362,3009,1756,718
蓄電池 家庭用 おすすめ,1.602,95.193,49.015,12,21811,12732,8199,31,248,2855,7287,6475,3247,1281
ウィゴー,1.601,3.027,23.748,33,60075,11111,42951,4357,5493,8035,26355,10828,1204,439
キャベツ ツナ レシピ,1.601,-0.826,29.709,12,21850,3035,17750,31,750,5811,8722,4770,1130,235
英検,1.6,3.273,12.325,129,234954,71518,146775,12940,8702,18327,109479,63706,8835,4996
子宮筋腫 手術費用,1.6,-5.087,50.969,10,18220,2649,14595,38,589,3421,8794,4136,537,294
卒業式 スーツ 母,1.598,142.092,20.425,30,54783,6493,45005,257,256,5103,31802,14776,861,337
ゴールデンウィーク 2023 穴場,1.598,141.509,26.926,17,31030,10155,19241,228,1508,5402,11228,8493,2902,472
ニキビ 皮膚科,1.598,15.534,20.752,11,20075,3628,15254,453,4700,3598,6550,3693,476,124
スプラトゥーン3 前夜祭,1.597,-136.683,14.657,45,82250,37051,39585,3210,8084,20920,36823,8709,940,450
visa secure,1.597,-26.074,31.816,12,21932,10686,10509,96,3873,6260,6444,3520,1089,452
英和辞典,1.597,56.882,44.956,11,20102,9133,9658,974,1944,2669,6082,3803,2349,1562
洗濯機 排水溝 掃除,1.596,-64.419,35.033,20,36572,9225,25597,75,1923,10706,13460,7043,2030,639
スイッチ カラオケ,1.595,-5.166,29.623,11,20149,8141,11194,266,1410,6196,8838,2416,469,179
ふるさと納税 住宅ローン控除,1.594,14.888,24.215,16,29331,15250,13302,41,902,13866,11297,2401,441,172
ユニクロ コーデ,1.594,-85.454,53.51,12,21988,3847,16498,161,926,4725,8385,5728,974,284
march,1.594,0.977,47.576,11,20160,10989,7817,1252,2234,3070,6128,4581,1445,754
キッズ携帯,1.593,-22.675,19.553,58,106378,35723,65675,456,1458,30356,56072,11744,3034,1397
県民共済 こども,1.593,-10.31,33.531,21,38543,6894,29897,108,1457,12994,18447,3865,730,284
裁縫セット 小学校,1.593,78.33,36.041,15,27529,3467,22546,173,715,6854,16500,2266,257,194
前髪 伸ばしかけ,1.593,-22.938,36.909,15,27520,1466,24132,604,4740,8287,8540,3921,451,113
灘中学,1.593,-6.469,24.495,10,18353,6346,10962,250,541,2355,9359,3726,1009,599
突き指 治し方,1.592,6.23,37.469,20,36731,11894,22462,960,1921,7029,16431,6750,1713,671
ポケモン 攻略,1.592,-59.633,25.162,11,20211,12585,6816,245,4109,11560,2786,701,360,110
鉛筆の持ち方,1.591,-46.126,39.633,10,18393,4782,12563,293,881,4765,7954,2608,991,426
国立大学 偏差値ランキング,1.59,38.497,20.98,35,64407,27046,33283,1225,1857,4615,25520,22581,4152,2362
漫画 おすすめ,1.589,-9.056,27.111,26,47894,26980,18082,1034,6818,13767,15904,6886,1498,524
正社員求人,1.587,-67.171,43.433,13,23987,6034,16639,142,3743,5745,8207,4718,735,161
からぴち,1.587,-32.996,48.374,11,20303,5864,12119,1312,577,3117,10210,2476,490,508
節約レシピ 人気 一週間,1.586,46.201,42.248,15,27729,2657,23328,106,1259,6020,11731,6156,1299,352
児童扶養手当 支給日,1.586,-48.858,49.294,11,20321,2031,17298,74,1485,7289,8484,2074,352,191
ひらパー プール,1.586,-18.048,43.442,10,18472,5847,11573,335,1536,5593,8212,1778,384,133
蓄電池,1.585,23.049,38.489,20,36981,24594,11078,95,1269,6581,12513,9642,4353,1935
10月からのパートの働き方,1.585,-72.66,33.081,10,18502,2685,14730,56,272,2570,6882,6240,1779,202
リップスティック ボード,1.585,-95.198,49.499,10,18497,6238,11422,114,178,5824,9063,1803,803,328
なっぷ キャンプ,1.584,-44.756,31.425,12,22217,12107,9441,43,568,4826,11175,4436,759,142
鼻血の止め方,1.583,-26.26,29.854,27,50047,15562,31367,943,3223,11026,18947,9007,3569,1700
住宅ローン おすすめ,1.583,-30.729,32.824,17,31505,18576,11805,32,2286,13011,10780,3511,1013,375
歌謡祭 2022,1.582,-61.161,49.773,10,18549,3819,13477,414,1078,3375,7180,4552,999,286
子供手当 支給額,1.581,2.413,24.396,35,64988,31041,31188,161,2414,21384,26385,7978,3669,1701
大学 偏差値 2023ランキング,1.581,88.856,23.331,27,50120,25779,21248,1236,1464,3586,16897,18202,4864,2285
しまじろう きねん,1.581,-14.76,38.638,10,18563,2858,15134,20,369,9186,7943,487,206,160
生チョコ,1.58,72.541,41.676,11,20442,3846,15047,979,4976,6099,4655,2138,582,259
ロフトベッド,1.579,-15.05,37.598,26,48382,17310,28664,620,2987,11236,21198,9006,1805,579
島村楽器 オンライン,1.579,-51.036,42.783,12,22326,11578,9720,383,1172,2831,7102,6038,3220,1123
ドラクエウォーク ふくびき,1.579,-116.215,35.488,12,22324,16625,4995,90,542,4457,12118,4052,584,149
数秘術占い 無料 2022,1.579,-50.612,50.509,10,18613,2043,15772,19,682,3609,6809,5743,1284,183
金沢大学 偏差値,1.578,1.415,33.001,13,24226,9836,12315,1286,1806,1839,8161,7786,1487,694
英語 勉強法,1.577,-25.562,21.785,32,59677,21654,33854,2292,5824,11063,20683,12538,3506,1543
子供 マイナポイント 受け取り,1.577,-63.01,24.425,23,42866,16480,25273,84,1285,16752,19967,3743,469,231
焼肉きんぐ クーポン 15%,1.577,56.457,28.382,16,29834,14065,14570,291,1123,5480,11208,7831,2622,797
ハムスター 飼い方,1.577,0.117,39.491,10,18653,6042,11573,184,1682,5099,7555,2595,745,298
学研,1.576,-20.77,25.402,28,52281,17770,32026,327,1804,11776,20275,9673,5197,2198
税金,1.576,-13.795,21.719,22,41055,21786,16693,796,3237,6840,11347,9520,5377,2406
入学式,1.576,93.168,31.788,15,27984,8181,18286,423,1094,7640,11124,4608,1635,812
目の下 腫れ,1.575,-99.707,50.054,10,18687,5713,11962,190,1552,4363,6184,4153,1389,374
変動金利 今後,1.574,21.959,31.676,18,33649,21127,11282,44,1143,11853,13234,5234,1274,379
保育料 無償化 3歳,1.574,-3.668,39.43,10,18705,5821,12190,21,1142,9846,4945,1302,965,196
地球グミ 売ってる場所,1.573,-193.489,28.394,17,31825,8923,21138,396,1295,8228,14460,4300,1652,626
ぐりんぱ,1.573,-33.176,29.824,16,29943,11560,17175,176,1144,10017,13374,3122,1139,424
ニーサ おすすめ,1.573,-19.017,22.027,11,20582,9909,9725,25,489,3170,7162,6427,2433,476
絵の具 服 落とし方,1.572,-32.554,34.53,16,29994,3892,24818,124,601,10848,14691,2414,556,279
西武園ゆうえんち チケット,1.572,-83.106,43.965,10,18736,4462,13315,387,2365,3398,6646,3504,1567,422
七田式,1.571,-11.867,43.497,13,24381,4854,18575,80,836,9944,8791,2634,1379,395
任天堂オンラインショップ,1.571,-41.305,56.467,10,18766,5007,13040,251,2169,5247,7845,2518,324,161
時事問題,1.57,8.038,25.271,14,26299,10624,13010,2444,3031,3424,9501,4921,918,474
gps 子供,1.569,-42.63,37.716,27,50733,11383,37364,107,719,18497,25303,3841,1009,646
金利 今後の見通し,1.568,8.169,48.721,11,20690,12713,7154,24,685,4752,6319,5179,2553,788
コロナ 洗濯 一緒,1.567,26.547,42.58,14,26360,6563,18500,94,1181,5573,10785,6646,1324,223
外壁塗装 費用,1.567,-76.768,39.7,13,24476,13052,10289,49,418,3111,8456,7838,3050,1011
ソフトバンク ワイモバイル 乗り換え,1.567,35.704,47.0,12,22602,10555,11673,77,1928,6866,8260,4142,977,256
飛鳥未来高校,1.566,11.064,35.423,17,32056,10770,18616,2258,2804,4201,11741,7510,1471,566
三角形の面積の求め方,1.566,65.119,42.337,11,20738,8793,10305,945,1225,3246,8652,3571,1248,825
すずめの戸締まり いつまで,1.566,66.343,39.849,11,20727,5742,12364,2783,4135,3250,5614,2404,587,244
東進衛星予備校,1.565,-0.002,25.365,25,47173,14411,29216,2149,1092,1871,21822,16571,1320,587
原宿 子供が喜ぶお店,1.564,22.965,26.154,19,35873,6433,27892,97,334,10292,20733,3010,554,286
チョコバナナ 作り方,1.563,-27.468,39.719,16,30260,6627,21933,373,2086,10406,12105,3133,1036,338
青少年科学館,1.563,-98.586,46.769,13,24582,7853,15522,326,1746,7962,10249,2179,1115,452
コストコ ピザ,1.562,-10.926,37.161,20,37849,10726,25602,250,3431,13384,13711,5033,1116,355
漢検 合格発表,1.562,-44.442,31.359,10,18923,4149,13120,1267,506,1776,9539,4133,458,319
ラウンドワン カラオケ,1.561,2.089,48.708,11,20840,5230,13754,1864,4394,4762,5867,2274,457,187
ドラクエウォーク 特級職,1.56,-66.1,38.711,10,18957,15650,2741,39,580,3890,9627,3836,600,115
スイッチ 本体,1.559,-40.875,29.117,20,37956,18318,17790,336,3068,8840,15343,6821,1975,685
鼻血止める方法,1.559,32.59,38.635,13,24681,9462,13364,611,1313,3861,8710,5037,2598,1472
キッズユーエスランド,1.559,-38.926,24.226,12,22774,6548,15441,59,1288,11904,7130,1104,779,182
英検 日程,1.558,3.168,12.963,132,250960,61532,171882,10412,7820,14071,124162,74688,7978,3488
スキー,1.558,21.743,26.717,17,32312,16932,13676,613,2390,4692,10690,7584,3576,1849
バドミントン ラケット,1.558,56.435,38.458,16,30393,14085,14347,1031,1912,4630,12851,6346,1728,812
ecc,1.558,-23.132,33.063,13,24714,7264,16193,313,1134,4984,10288,4949,1723,816
ドコモカード,1.558,20.726,44.442,12,22800,11650,10018,27,555,1832,6613,7573,3735,1934
ニチイケアセンター,1.558,14.349,54.638,11,20904,7875,11875,47,718,2064,4693,6872,4476,1395
ルービックキューブ 2×2,1.557,-57.581,28.263,13,24734,12082,11428,385,916,7940,10890,2554,997,441
夜間救急,1.557,-76.57,29.654,13,24732,6546,17051,104,1778,7713,9122,4149,1042,341
こたつ おしゃれ,1.557,23.555,37.44,13,24731,6078,17395,84,1652,6144,9795,4962,1155,420
ハンカチ,1.557,14.203,55.3,10,19029,5037,12935,349,1988,4170,5577,3967,1833,679
サラスパ レシピ,1.556,-22.545,50.182,14,26660,5778,19325,74,838,5107,12004,6030,1391,435
足首 捻挫,1.556,-35.512,54.544,10,19047,7401,10513,363,1124,3300,6471,4629,1762,746
漢字検定,1.555,7.053,20.019,49,93379,30847,57398,1536,3572,13006,44426,18873,5985,3687
バスケットゴール,1.554,33.406,33.731,18,34341,17135,15275,449,757,7317,16970,4715,2070,986
鼻づまり,1.554,22.342,23.388,14,26712,9564,15507,456,2966,7231,8367,4550,1740,645
ユニモちはら台 映画,1.554,-121.341,30.069,10,19084,7852,10164,270,1227,3182,6152,5104,2039,524
漢検,1.553,28.067,32.684,30,57303,16794,36414,2511,3505,8198,25303,11661,2687,1382
分数の掛け算,1.553,-95.567,45.168,17,32481,11454,18871,685,1723,5744,13942,6208,2057,917
ボーイズリーグ,1.553,-0.847,48.351,10,19089,13306,4677,208,283,1547,9014,5794,1101,441
看護師 年収,1.552,-36.653,20.521,28,53505,22076,27446,2561,8905,11071,15764,9266,2667,1233
学童保育,1.552,-31.909,44.815,11,21028,5891,14066,113,1174,5994,7159,3275,2061,793
教育ローン,1.551,1.549,29.571,27,51683,22724,26636,330,1311,3995,25809,17218,1511,528
駿台,1.551,30.185,18.379,19,36351,16721,16774,2815,2258,2378,11421,13273,2083,763
熱中症 発熱,1.551,-164.676,26.254,13,24882,7492,16231,167,1980,6701,9263,4535,1309,417
扶養から外れる 年収 得,1.551,36.238,31.36,12,22975,3585,18188,79,567,3536,10383,6905,805,193
テレビアンテナ工事 費用,1.551,-114.288,37.305,10,19139,10897,7546,19,558,4045,5799,4976,2317,1088
男性 髪型,1.551,-20.11,44.114,10,19130,9380,8303,561,2864,4729,5579,3143,975,437
入学祝い お返し,1.55,66.167,23.73,32,61275,13487,44528,235,512,14087,31563,11045,1670,840
乳歯 生え変わり,1.55,-11.548,39.752,13,24902,5839,17851,70,562,8704,11585,1829,1068,522
クリスマス ディナー,1.55,87.652,28.37,10,19154,8638,9763,112,5094,7017,4396,1787,319,165
子供のマイナポイント 受け取り,1.549,44.837,23.091,32,61345,21981,37226,144,1767,15763,30268,10563,1474,586
地震保険料控除,1.549,72.5,32.045,11,21088,11463,8827,32,1122,5573,6285,4674,2343,741
フィラ スニーカー,1.549,50.69,42.468,10,19178,4719,13331,324,2311,4276,6293,4116,1051,293
辻ちゃん,1.549,-63.115,54.064,10,19167,3575,14447,161,1855,6749,5814,3142,795,169
ボーイスカウト,1.548,-45.578,38.003,16,30704,13332,15761,388,2432,6915,11236,5173,2609,1208
ミスド 福袋,1.547,23.949,25.931,20,38418,8031,29231,201,4358,17545,11765,3208,813,307
ジュニアnisa いつまで,1.547,-39.113,33.89,17,32664,12768,18863,74,1163,12379,13070,4333,966,390
ドッチボール,1.546,13.801,46.808,13,25004,9572,13719,510,1232,4995,11224,3887,1521,665
ピアノ発表会 ドレス,1.544,-7.534,42.887,12,23133,2302,19343,149,127,4754,13499,2694,804,470
面積の求め方,1.544,32.776,29.192,10,19278,9806,8341,293,1055,4042,6965,3789,1662,810
平均年収,1.542,-47.126,22.076,38,73342,48589,20867,1468,10044,17605,23951,13477,3644,1206
スイッチライト,1.542,-35.662,24.421,35,67616,31411,32405,1265,6988,21249,26351,7611,1739,615
コロナ うつす期間,1.542,-52.635,30.516,15,28970,8314,19371,195,3190,8223,11412,4442,839,195
