date,richMenuId,cmsUrl,imp,impUU,action,click,clickUU,clickUURate
,17324940,https://manager.line.biz/account/@182dbirj/richmenu/17324940,5316,2712,ALL,675,353,0.130
,17324940,https://manager.line.biz/account/@182dbirj/richmenu/17324940,5316,2712,A,134,44,0.016
,17324940,https://manager.line.biz/account/@182dbirj/richmenu/17324940,5316,2712,B,103,82,0.030
,17324940,https://manager.line.biz/account/@182dbirj/richmenu/17324940,5316,2712,C,207,163,0.060
,17324940,https://manager.line.biz/account/@182dbirj/richmenu/17324940,5316,2712,D,57,39,0.014
,17324940,https://manager.line.biz/account/@182dbirj/richmenu/17324940,5316,2712,E,83,67,0.025
,17324940,https://manager.line.biz/account/@182dbirj/richmenu/17324940,5316,2712,F,91,73,0.027
2026/09/27,17324940,https://manager.line.biz/account/@182dbirj/richmenu/17324940,75,63,ALL,10,8,0.127
2026/09/27,17324940,https://manager.line.biz/account/@182dbirj/richmenu/17324940,75,63,A,1,1,0.016
2026/09/27,17324940,https://manager.line.biz/account/@182dbirj/richmenu/17324940,75,63,B,0,0,0.000
2026/09/27,17324940,https://manager.line.biz/account/@182dbirj/richmenu/17324940,75,63,C,6,5,0.079
2026/09/27,17324940,https://manager.line.biz/account/@182dbirj/richmenu/17324940,75,63,D,1,1,0.016
2026/09/27,17324940,https://manager.line.biz/account/@182dbirj/richmenu/17324940,75,63,E,1,1,0.016
2026/09/27,17324940,https://manager.line.biz/account/@182dbirj/richmenu/17324940,75,63,F,1,1,0.016
2026/09/26,17324940,https://manager.line.biz/account/@182dbirj/richmenu/17324940,158,137,ALL,28,15,0.109
2026/09/26,17324940,https://manager.line.biz/account/@182dbirj/richmenu/17324940,158,137,A,5,3,0.022
2026/09/26,17324940,https://manager.line.biz/account/@182dbirj/richmenu/17324940,158,137,B,3,3,0.022
2026/09/26,17324940,https://manager.line.biz/account/@182dbirj/richmenu/17324940,158,137,C,6,6,0.044
2026/09/26,17324940,https://manager.line.biz/account/@182dbirj/richmenu/17324940,158,137,D,4,2,0.015
2026/09/26,17324940,https://manager.line.biz/account/@182dbirj/richmenu/17324940,158,137,E,5,4,0.029
2026/09/26,17324940,https://manager.line.biz/account/@182dbirj/richmenu/17324940,158,137,F,5,4,0.029
2026/09/25,17324940,https://manager.line.biz/account/@182dbirj/richmenu/17324940,986,866,ALL,96,72,0.083
2026/09/25,17324940,https://manager.line.biz/account/@182dbirj/richmenu/17324940,986,866,A,6,5,0.006
2026/09/25,17324940,https://manager.line.biz/account/@182dbirj/richmenu/17324940,986,866,B,24,20,0.023
2026/09/25,17324940,https://manager.line.biz/account/@182dbirj/richmenu/17324940,986,866,C,25,23,0.027
2026/09/25,17324940,https://manager.line.biz/account/@182dbirj/richmenu/17324940,986,866,D,6,6,0.007
2026/09/25,17324940,https://manager.line.biz/account/@182dbirj/richmenu/17324940,986,866,E,16,12,0.014
2026/09/25,17324940,https://manager.line.biz/account/@182dbirj/richmenu/17324940,986,866,F,19,17,0.020
2026/09/24,17324940,https://manager.line.biz/account/@182dbirj/richmenu/17324940,1043,904,ALL,117,90,0.100
2026/09/24,17324940,https://manager.line.biz/account/@182dbirj/richmenu/17324940,1043,904,A,9,9,0.010
2026/09/24,17324940,https://manager.line.biz/account/@182dbirj/richmenu/17324940,1043,904,B,13,13,0.014
2026/09/24,17324940,https://manager.line.biz/account/@182dbirj/richmenu/17324940,1043,904,C,54,46,0.051
2026/09/24,17324940,https://manager.line.biz/account/@182dbirj/richmenu/17324940,1043,904,D,6,5,0.006
2026/09/24,17324940,https://manager.line.biz/account/@182dbirj/richmenu/17324940,1043,904,E,13,13,0.014
2026/09/24,17324940,https://manager.line.biz/account/@182dbirj/richmenu/17324940,1043,904,F,22,21,0.023
2026/09/23,17324940,https://manager.line.biz/account/@182dbirj/richmenu/17324940,37,29,ALL,8,6,0.207
2026/09/23,17324940,https://manager.line.biz/account/@182dbirj/richmenu/17324940,37,29,A,2,2,0.069
2026/09/23,17324940,https://manager.line.biz/account/@182dbirj/richmenu/17324940,37,29,B,0,0,0.000
2026/09/23,17324940,https://manager.line.biz/account/@182dbirj/richmenu/17324940,37,29,C,3,3,0.103
2026/09/23,17324940,https://manager.line.biz/account/@182dbirj/richmenu/17324940,37,29,D,1,1,0.034
2026/09/23,17324940,https://manager.line.biz/account/@182dbirj/richmenu/17324940,37,29,E,1,1,0.034
2026/09/23,17324940,https://manager.line.biz/account/@182dbirj/richmenu/17324940,37,29,F,1,1,0.034
2026/09/22,17324940,https://manager.line.biz/account/@182dbirj/richmenu/17324940,48,33,ALL,17,5,0.152
2026/09/22,17324940,https://manager.line.biz/account/@182dbirj/richmenu/17324940,48,33,A,1,1,0.030
2026/09/22,17324940,https://manager.line.biz/account/@182dbirj/richmenu/17324940,48,33,B,6,2,0.061
2026/09/22,17324940,https://manager.line.biz/account/@182dbirj/richmenu/17324940,48,33,C,3,3,0.091
2026/09/22,17324940,https://manager.line.biz/account/@182dbirj/richmenu/17324940,48,33,D,0,0,0.000
2026/09/22,17324940,https://manager.line.biz/account/@182dbirj/richmenu/17324940,48,33,E,5,2,0.061
2026/09/22,17324940,https://manager.line.biz/account/@182dbirj/richmenu/17324940,48,33,F,2,2,0.061
2026/09/21,17324940,https://manager.line.biz/account/@182dbirj/richmenu/17324940,56,49,ALL,11,7,0.143
2026/09/21,17324940,https://manager.line.biz/account/@182dbirj/richmenu/17324940,56,49,A,1,1,0.020
2026/09/21,17324940,https://manager.line.biz/account/@182dbirj/richmenu/17324940,56,49,B,0,0,0.000
2026/09/21,17324940,https://manager.line.biz/account/@182dbirj/richmenu/17324940,56,49,C,7,5,0.102
2026/09/21,17324940,https://manager.line.biz/account/@182dbirj/richmenu/17324940,56,49,D,1,1,0.020
2026/09/21,17324940,https://manager.line.biz/account/@182dbirj/richmenu/17324940,56,49,E,1,1,0.020
2026/09/21,17324940,https://manager.line.biz/account/@182dbirj/richmenu/17324940,56,49,F,1,1,0.020
2026/09/20,17324940,https://manager.line.biz/account/@182dbirj/richmenu/17324940,78,55,ALL,20,10,0.182
2026/09/20,17324940,https://manager.line.biz/account/@182dbirj/richmenu/17324940,78,55,A,4,2,0.036
2026/09/20,17324940,https://manager.line.biz/account/@182dbirj/richmenu/17324940,78,55,B,1,1,0.018
2026/09/20,17324940,https://manager.line.biz/account/@182dbirj/richmenu/17324940,78,55,C,4,4,0.073
2026/09/20,17324940,https://manager.line.biz/account/@182dbirj/richmenu/17324940,78,55,D,7,2,0.036
2026/09/20,17324940,https://manager.line.biz/account/@182dbirj/richmenu/17324940,78,55,E,0,0,0.000
2026/09/20,17324940,https://manager.line.biz/account/@182dbirj/richmenu/17324940,78,55,F,4,3,0.055
2026/09/19,17324940,https://manager.line.biz/account/@182dbirj/richmenu/17324940,120,86,ALL,19,12,0.140
2026/09/19,17324940,https://manager.line.biz/account/@182dbirj/richmenu/17324940,120,86,A,2,2,0.023
2026/09/19,17324940,https://manager.line.biz/account/@182dbirj/richmenu/17324940,120,86,B,2,2,0.023
2026/09/19,17324940,https://manager.line.biz/account/@182dbirj/richmenu/17324940,120,86,C,7,7,0.081
2026/09/19,17324940,https://manager.line.biz/account/@182dbirj/richmenu/17324940,120,86,D,2,2,0.023
2026/09/19,17324940,https://manager.line.biz/account/@182dbirj/richmenu/17324940,120,86,E,2,2,0.023
2026/09/19,17324940,https://manager.line.biz/account/@182dbirj/richmenu/17324940,120,86,F,4,4,0.047
2026/09/18,17324940,https://manager.line.biz/account/@182dbirj/richmenu/17324940,181,151,ALL,80,14,0.093
2026/09/18,17324940,https://manager.line.biz/account/@182dbirj/richmenu/17324940,181,151,A,64,5,0.033
2026/09/18,17324940,https://manager.line.biz/account/@182dbirj/richmenu/17324940,181,151,B,1,1,0.007
2026/09/18,17324940,https://manager.line.biz/account/@182dbirj/richmenu/17324940,181,151,C,8,6,0.040
2026/09/18,17324940,https://manager.line.biz/account/@182dbirj/richmenu/17324940,181,151,D,2,2,0.013
2026/09/18,17324940,https://manager.line.biz/account/@182dbirj/richmenu/17324940,181,151,E,1,1,0.007
2026/09/18,17324940,https://manager.line.biz/account/@182dbirj/richmenu/17324940,181,151,F,4,3,0.020
2026/09/17,17324940,https://manager.line.biz/account/@182dbirj/richmenu/17324940,1076,880,ALL,95,72,0.082
2026/09/17,17324940,https://manager.line.biz/account/@182dbirj/richmenu/17324940,1076,880,A,9,7,0.008
2026/09/17,17324940,https://manager.line.biz/account/@182dbirj/richmenu/17324940,1076,880,B,17,17,0.019
2026/09/17,17324940,https://manager.line.biz/account/@182dbirj/richmenu/17324940,1076,880,C,38,32,0.036
2026/09/17,17324940,https://manager.line.biz/account/@182dbirj/richmenu/17324940,1076,880,D,7,7,0.008
2026/09/17,17324940,https://manager.line.biz/account/@182dbirj/richmenu/17324940,1076,880,E,10,10,0.011
2026/09/17,17324940,https://manager.line.biz/account/@182dbirj/richmenu/17324940,1076,880,F,14,12,0.014
2026/09/16,17324940,https://manager.line.biz/account/@182dbirj/richmenu/17324940,1154,989,ALL,110,83,0.084
2026/09/16,17324940,https://manager.line.biz/account/@182dbirj/richmenu/17324940,1154,989,A,12,10,0.010
2026/09/16,17324940,https://manager.line.biz/account/@182dbirj/richmenu/17324940,1154,989,B,25,22,0.022
2026/09/16,17324940,https://manager.line.biz/account/@182dbirj/richmenu/17324940,1154,989,C,42,37,0.037
2026/09/16,17324940,https://manager.line.biz/account/@182dbirj/richmenu/17324940,1154,989,D,9,9,0.009
2026/09/16,17324940,https://manager.line.biz/account/@182dbirj/richmenu/17324940,1154,989,E,16,16,0.016
2026/09/16,17324940,https://manager.line.biz/account/@182dbirj/richmenu/17324940,1154,989,F,6,6,0.006
2026/09/15,17324940,https://manager.line.biz/account/@182dbirj/richmenu/17324940,13,4,ALL,2,1,0.250
2026/09/15,17324940,https://manager.line.biz/account/@182dbirj/richmenu/17324940,13,4,A,0,0,0.000
2026/09/15,17324940,https://manager.line.biz/account/@182dbirj/richmenu/17324940,13,4,B,1,1,0.250
2026/09/15,17324940,https://manager.line.biz/account/@182dbirj/richmenu/17324940,13,4,C,0,0,0.000
2026/09/15,17324940,https://manager.line.biz/account/@182dbirj/richmenu/17324940,13,4,D,1,1,0.250
2026/09/15,17324940,https://manager.line.biz/account/@182dbirj/richmenu/17324940,13,4,E,0,0,0.000
2026/09/15,17324940,https://manager.line.biz/account/@182dbirj/richmenu/17324940,13,4,F,0,0,0.000
2026/09/14,17324940,https://manager.line.biz/account/@182dbirj/richmenu/17324940,9,5,ALL,4,4,0.800
2026/09/14,17324940,https://manager.line.biz/account/@182dbirj/richmenu/17324940,9,5,A,2,2,0.400
2026/09/14,17324940,https://manager.line.biz/account/@182dbirj/richmenu/17324940,9,5,B,0,0,0.000
2026/09/14,17324940,https://manager.line.biz/account/@182dbirj/richmenu/17324940,9,5,C,0,0,0.000
2026/09/14,17324940,https://manager.line.biz/account/@182dbirj/richmenu/17324940,9,5,D,1,1,0.200
2026/09/14,17324940,https://manager.line.biz/account/@182dbirj/richmenu/17324940,9,5,E,1,1,0.200
2026/09/14,17324940,https://manager.line.biz/account/@182dbirj/richmenu/17324940,9,5,F,0,0,0.000
2026/09/13,17324940,https://manager.line.biz/account/@182dbirj/richmenu/17324940,15,6,ALL,5,2,0.333
2026/09/13,17324940,https://manager.line.biz/account/@182dbirj/richmenu/17324940,15,6,A,1,1,0.167
2026/09/13,17324940,https://manager.line.biz/account/@182dbirj/richmenu/17324940,15,6,B,0,0,0.000
2026/09/13,17324940,https://manager.line.biz/account/@182dbirj/richmenu/17324940,15,6,C,1,1,0.167
2026/09/13,17324940,https://manager.line.biz/account/@182dbirj/richmenu/17324940,15,6,D,1,1,0.167
2026/09/13,17324940,https://manager.line.biz/account/@182dbirj/richmenu/17324940,15,6,E,1,1,0.167
2026/09/13,17324940,https://manager.line.biz/account/@182dbirj/richmenu/17324940,15,6,F,1,1,0.167
2026/09/12,17324940,https://manager.line.biz/account/@182dbirj/richmenu/17324940,21,6,ALL,1,1,0.167
2026/09/12,17324940,https://manager.line.biz/account/@182dbirj/richmenu/17324940,21,6,A,0,0,0.000
2026/09/12,17324940,https://manager.line.biz/account/@182dbirj/richmenu/17324940,21,6,B,0,0,0.000
2026/09/12,17324940,https://manager.line.biz/account/@182dbirj/richmenu/17324940,21,6,C,0,0,0.000
2026/09/12,17324940,https://manager.line.biz/account/@182dbirj/richmenu/17324940,21,6,D,0,0,0.000
2026/09/12,17324940,https://manager.line.biz/account/@182dbirj/richmenu/17324940,21,6,E,1,1,0.167
2026/09/12,17324940,https://manager.line.biz/account/@182dbirj/richmenu/17324940,21,6,F,0,0,0.000
2026/09/11,17324940,https://manager.line.biz/account/@182dbirj/richmenu/17324940,3,3,ALL,0,0,0.000
2026/09/11,17324940,https://manager.line.biz/account/@182dbirj/richmenu/17324940,3,3,A,0,0,0.000
2026/09/11,17324940,https://manager.line.biz/account/@182dbirj/richmenu/17324940,3,3,B,0,0,0.000
2026/09/11,17324940,https://manager.line.biz/account/@182dbirj/richmenu/17324940,3,3,C,0,0,0.000
2026/09/11,17324940,https://manager.line.biz/account/@182dbirj/richmenu/17324940,3,3,D,0,0,0.000
2026/09/11,17324940,https://manager.line.biz/account/@182dbirj/richmenu/17324940,3,3,E,0,0,0.000
2026/09/11,17324940,https://manager.line.biz/account/@182dbirj/richmenu/17324940,3,3,F,0,0,0.000
2026/09/10,17324940,https://manager.line.biz/account/@182dbirj/richmenu/17324940,32,10,ALL,7,5,0.500
2026/09/10,17324940,https://manager.line.biz/account/@182dbirj/richmenu/17324940,32,10,A,2,2,0.200
2026/09/10,17324940,https://manager.line.biz/account/@182dbirj/richmenu/17324940,32,10,B,3,3,0.300
2026/09/10,17324940,https://manager.line.biz/account/@182dbirj/richmenu/17324940,32,10,C,0,0,0.000
2026/09/10,17324940,https://manager.line.biz/account/@182dbirj/richmenu/17324940,32,10,D,2,2,0.200
2026/09/10,17324940,https://manager.line.biz/account/@182dbirj/richmenu/17324940,32,10,E,0,0,0.000
2026/09/10,17324940,https://manager.line.biz/account/@182dbirj/richmenu/17324940,32,10,F,0,0,0.000
2026/09/09,17324940,https://manager.line.biz/account/@182dbirj/richmenu/17324940,23,8,ALL,5,3,0.375
2026/09/09,17324940,https://manager.line.biz/account/@182dbirj/richmenu/17324940,23,8,A,3,2,0.250
2026/09/09,17324940,https://manager.line.biz/account/@182dbirj/richmenu/17324940,23,8,B,0,0,0.000
2026/09/09,17324940,https://manager.line.biz/account/@182dbirj/richmenu/17324940,23,8,C,0,0,0.000
2026/09/09,17324940,https://manager.line.biz/account/@182dbirj/richmenu/17324940,23,8,D,1,1,0.125
2026/09/09,17324940,https://manager.line.biz/account/@182dbirj/richmenu/17324940,23,8,E,1,1,0.125
2026/09/09,17324940,https://manager.line.biz/account/@182dbirj/richmenu/17324940,23,8,F,0,0,0.000
2026/09/08,17324940,https://manager.line.biz/account/@182dbirj/richmenu/17324940,18,5,ALL,3,3,0.600
2026/09/08,17324940,https://manager.line.biz/account/@182dbirj/richmenu/17324940,18,5,A,1,1,0.200
2026/09/08,17324940,https://manager.line.biz/account/@182dbirj/richmenu/17324940,18,5,B,0,0,0.000
2026/09/08,17324940,https://manager.line.biz/account/@182dbirj/richmenu/17324940,18,5,C,0,0,0.000
2026/09/08,17324940,https://manager.line.biz/account/@182dbirj/richmenu/17324940,18,5,D,2,2,0.400
2026/09/08,17324940,https://manager.line.biz/account/@182dbirj/richmenu/17324940,18,5,E,0,0,0.000
2026/09/08,17324940,https://manager.line.biz/account/@182dbirj/richmenu/17324940,18,5,F,0,0,0.000
2026/09/07,17324940,https://manager.line.biz/account/@182dbirj/richmenu/17324940,12,6,ALL,3,2,0.333
2026/09/07,17324940,https://manager.line.biz/account/@182dbirj/richmenu/17324940,12,6,A,1,1,0.167
2026/09/07,17324940,https://manager.line.biz/account/@182dbirj/richmenu/17324940,12,6,B,0,0,0.000
2026/09/07,17324940,https://manager.line.biz/account/@182dbirj/richmenu/17324940,12,6,C,0,0,0.000
2026/09/07,17324940,https://manager.line.biz/account/@182dbirj/richmenu/17324940,12,6,D,0,0,0.000
2026/09/07,17324940,https://manager.line.biz/account/@182dbirj/richmenu/17324940,12,6,E,1,1,0.167
2026/09/07,17324940,https://manager.line.biz/account/@182dbirj/richmenu/17324940,12,6,F,1,1,0.167
2026/09/06,17324940,https://manager.line.biz/account/@182dbirj/richmenu/17324940,20,8,ALL,2,2,0.250
2026/09/06,17324940,https://manager.line.biz/account/@182dbirj/richmenu/17324940,20,8,A,1,1,0.125
2026/09/06,17324940,https://manager.line.biz/account/@182dbirj/richmenu/17324940,20,8,B,0,0,0.000
2026/09/06,17324940,https://manager.line.biz/account/@182dbirj/richmenu/17324940,20,8,C,0,0,0.000
2026/09/06,17324940,https://manager.line.biz/account/@182dbirj/richmenu/17324940,20,8,D,1,1,0.125
2026/09/06,17324940,https://manager.line.biz/account/@182dbirj/richmenu/17324940,20,8,E,0,0,0.000
2026/09/06,17324940,https://manager.line.biz/account/@182dbirj/richmenu/17324940,20,8,F,0,0,0.000
2026/09/05,17324940,https://manager.line.biz/account/@182dbirj/richmenu/17324940,19,4,ALL,5,2,0.500
2026/09/05,17324940,https://manager.line.biz/account/@182dbirj/richmenu/17324940,19,4,A,0,0,0.000
2026/09/05,17324940,https://manager.line.biz/account/@182dbirj/richmenu/17324940,19,4,B,0,0,0.000
2026/09/05,17324940,https://manager.line.biz/account/@182dbirj/richmenu/17324940,19,4,C,2,1,0.250
2026/09/05,17324940,https://manager.line.biz/account/@182dbirj/richmenu/17324940,19,4,D,0,0,0.000
2026/09/05,17324940,https://manager.line.biz/account/@182dbirj/richmenu/17324940,19,4,E,3,2,0.500
2026/09/05,17324940,https://manager.line.biz/account/@182dbirj/richmenu/17324940,19,4,F,0,0,0.000
2026/09/04,17324940,https://manager.line.biz/account/@182dbirj/richmenu/17324940,37,9,ALL,5,2,0.222
2026/09/04,17324940,https://manager.line.biz/account/@182dbirj/richmenu/17324940,37,9,A,0,0,0.000
2026/09/04,17324940,https://manager.line.biz/account/@182dbirj/richmenu/17324940,37,9,B,3,1,0.111
2026/09/04,17324940,https://manager.line.biz/account/@182dbirj/richmenu/17324940,37,9,C,0,0,0.000
2026/09/04,17324940,https://manager.line.biz/account/@182dbirj/richmenu/17324940,37,9,D,0,0,0.000
2026/09/04,17324940,https://manager.line.biz/account/@182dbirj/richmenu/17324940,37,9,E,2,1,0.111
2026/09/04,17324940,https://manager.line.biz/account/@182dbirj/richmenu/17324940,37,9,F,0,0,0.000
2026/09/03,17324940,https://manager.line.biz/account/@182dbirj/richmenu/17324940,35,8,ALL,5,2,0.250
2026/09/03,17324940,https://manager.line.biz/account/@182dbirj/richmenu/17324940,35,8,A,2,1,0.125
2026/09/03,17324940,https://manager.line.biz/account/@182dbirj/richmenu/17324940,35,8,B,0,0,0.000
2026/09/03,17324940,https://manager.line.biz/account/@182dbirj/richmenu/17324940,35,8,C,0,0,0.000
2026/09/03,17324940,https://manager.line.biz/account/@182dbirj/richmenu/17324940,35,8,D,2,1,0.125
2026/09/03,17324940,https://manager.line.biz/account/@182dbirj/richmenu/17324940,35,8,E,1,1,0.125
2026/09/03,17324940,https://manager.line.biz/account/@182dbirj/richmenu/17324940,35,8,F,0,0,0.000
2026/09/02,17324940,https://manager.line.biz/account/@182dbirj/richmenu/17324940,25,5,ALL,13,3,0.600
2026/09/02,17324940,https://manager.line.biz/account/@182dbirj/richmenu/17324940,25,5,A,4,1,0.200
2026/09/02,17324940,https://manager.line.biz/account/@182dbirj/richmenu/17324940,25,5,B,4,2,0.400
2026/09/02,17324940,https://manager.line.biz/account/@182dbirj/richmenu/17324940,25,5,C,0,0,0.000
2026/09/02,17324940,https://manager.line.biz/account/@182dbirj/richmenu/17324940,25,5,D,0,0,0.000
2026/09/02,17324940,https://manager.line.biz/account/@182dbirj/richmenu/17324940,25,5,E,1,1,0.200
2026/09/02,17324940,https://manager.line.biz/account/@182dbirj/richmenu/17324940,25,5,F,4,2,0.400
2026/09/01,17324940,https://manager.line.biz/account/@182dbirj/richmenu/17324940,22,8,ALL,4,3,0.375
2026/09/01,17324940,https://manager.line.biz/account/@182dbirj/richmenu/17324940,22,8,A,1,1,0.125
2026/09/01,17324940,https://manager.line.biz/account/@182dbirj/richmenu/17324940,22,8,B,0,0,0.000
2026/09/01,17324940,https://manager.line.biz/account/@182dbirj/richmenu/17324940,22,8,C,1,1,0.125
2026/09/01,17324940,https://manager.line.biz/account/@182dbirj/richmenu/17324940,22,8,D,0,0,0.000
2026/09/01,17324940,https://manager.line.biz/account/@182dbirj/richmenu/17324940,22,8,E,0,0,0.000
2026/09/01,17324940,https://manager.line.biz/account/@182dbirj/richmenu/17324940,22,8,F,2,2,0.250
