dot_id,x,y,label,cat
279,79,980,子供 習い事 辞めたい,A
54,80,659,児童館,C
126,80,832,小児矯正,B
42,85,631,療育,B
224,90,933,9歳の壁,B
96,95,768,ポルテ 野球,A
115,104,804,集団行動が苦手な子供,B
83,121,737,5歳,B
248,128,956,お菓子作り 初心者,E
81,150,725,くもん 英語,A
38,151,592,公文書写,A
177,152,895,将棋教室,A
27,163,540,学童,B
227,165,934,年中 習い事,A
49,170,652,リュック キッズ,B
127,180,832,子供 イライラする,B
90,216,758,夏休み 子供 過ごし方,C
62,248,674,イフミー 上履き,B
229,254,934,教育格差,B
26,259,535,子供部屋 レイアウト,B
285,270,980,絵描き歌 ピカチュウ,C
178,277,895,出会いがない,E
33,279,565,レッスンバッグ,B
72,288,699,そろばん 効果,A
147,298,862,risu,B
253,329,956,進学くらぶ,B
102,336,780,懇談会,B
230,345,934,セイハ,A
41,347,623,チアダンス,A
287,444,980,浴衣 子供 髪型,C
24,447,520,インフルエンザ 兄弟 登校,B
75,458,708,フラダンス教室,E
148,470,862,ピアノ 習い事,A
256,474,956,7歳 睡眠時間,B
231,476,934,料理教室 子供,A
15,483,415,パソコン教室,E
43,483,631,かけっこ教室,A
30,485,555,社会人サークル,E
109,489,792,一人っ子 よかったと思う,B
3,501,164,趣味,E
63,503,674,パン教室,E
87,513,747,キッズアカデミー,A
180,541,895,子育て 向いてない,B
291,568,980,夏休み 子供,C
4,580,198,ヤマハ音楽教室,A
50,646,652,出あいがない 社会人,E
232,646,934,硬筆 習い事,A
85,674,737,英語教室 おすすめ 子供,A
293,680,980,趣味なび,E
74,719,699,朝活,E
91,743,758,ヤマハ音楽教室 危ない,A
203,759,914,小学生 勉強,B
69,771,683,趣味がない人の特徴,E
6,774,301,公文,A
40,795,617,趣味 一覧,E
259,813,956,スマホ 子供,B
5,837,271,学研教室,A
8,865,325,くもん,A
235,876,934,スポーツ教室,A
165,911,878,美肌,X
12,919,385,そろばん,A
55,919,659,子供の習い事,A
110,920,792,子ども 習い事,A
128,920,832,子供習い事,A
10,921,350,体操教室,A
1,922,15,習い事 ランキング,A
2,922,80,習い事 大人女子,E
36,922,581,大人 習い事,E
296,922,980,カルチャースクール 東京,E
7,923,324,料理教室,E
21,923,500,大人の習い事,E
17,928,427,カルチャーセンター,E
261,932,956,スポーツ 種類,A
92,949,758,ダンス 種類,A
150,968,862,スポーツ 習い事,A
25,984,529,新体操,A
129,1020,832,qqキッズ,A
263,1061,956,男の子 習い事,A
60,1083,667,英語教室,A
170,1123,878,ロボット教室,A
298,1147,980,バドミントン 習い事,A
22,1152,500,絵画教室,A
130,1163,832,忍者ナイン 評判,A
56,1184,659,子供新聞,B
99,1193,768,小1,B
80,1229,717,水泳教室,A
48,1262,651,pta 入らない,B
44,1266,631,楽しいこと,E
66,1266,674,陶芸,E
20,1281,483,出会い,E
153,1295,862,小学生 習い事 いくつ,A
93,1308,758,ダンス教室 子供,A
111,1316,792,jsnサッカークラブ,A
35,1328,576,ポピー 教材,B
237,1341,934,フラメンコ 教室,E
76,1374,708,幼児教室,A
186,1378,895,発達障害 習い事,A
19,1383,468,小学3年生,B
302,1403,980,荒川遊園,C
13,1404,394,くもん 月謝,A
264,1422,956,学級閉鎖 親 仕事,B
39,1445,604,小学校受験,B
901,1467,464,ecc,A
143,1469,846,小児歯科,B
86,1527,737,髪型 男の子,B
57,1542,659,ママ友 いない,B
125,1557,817,くもん 国語,A
305,1565,980,はくぶん 書道セット,B
144,1566,846,教科書 収納,B
266,1572,956,小学生 熱,B
100,1596,768,やりたいことがない,E
189,1653,895,ダンス キッズ,A
273,1655,957,復縁占い,X
243,1683,934,ボーカルレッスン,E
131,1694,832,英語 習い事,A
45,1696,637,工作,B
58,1699,659,遊び場,C
114,1710,792,小学校一年生,B
71,1713,698,ソプラノリコーダー,B
82,1735,726,ダンス 衣装,A
32,1738,559,習字,A
902,1763,299,学研,A
