label,x,y,cat
オートバックス,318,17,C
ホンダ,430,107,C
マツダ,946,251,C
ネクステージ,1033,251,C
軽自動車,113,287,C
ヤリスクロス,376,327,C
カローラクロス,568,327,C
三菱自動車,133,366,C
ハリアー,1243,366,C
bmw,1781,362,C
ホンダカーズ,795,390,C
ジムニー,1745,394,C
スバル自動車,153,408,C
クラウン スポーツ,1410,417,C
デリカミニ,218,431,C
エクストレイル,78,461,C
ネッツトヨタ,1031,461,C
ブリヂストン,1218,456,M
nbox,1588,456,C
rav4,430,473,C
ヴェゼル,299,490,C
スタッドレスタイヤ,1945,493,M
ポルシェ,118,506,C
ハスラー,1158,524,C
ドライブレコーダー,1264,530,M
フィット,758,538,C
みんカラ,1825,544,C
トヨタカローラ,487,557,C
日産自動車,227,564,C
カーディーラー 受付嬢,1031,571,J
車庫証明の取り方,1310,601,S
ガリバー,639,601,C
オデッセイ,351,609,C
日産 ノート,1965,594,C
ランドローバー,190,643,C
zr-v,508,643,C
フォレスター,685,643,C
クラウン クロスオーバー,1391,634,C
マイカーローン,998,653,S
キーパーラボ,294,679,M
カローラツーリング,461,679,C
ディーラーとは,1031,680,J
シビックタイプr,1432,671,C
ディスプレイオーディオ,1765,670,M
シビック,452,711,C
スイフト,663,721,C
クロストレック,213,721,C
toyota,126,733,C
マツダ3,1583,733,C
タイヤ交換,1760,733,M
オイル交換,1960,744,M
gr86,409,745,C
suv,1530,757,C
ロードスター,121,768,C
スズキ スペーシア,775,768,C
カーディーラー 年収,1031,768,J
クラウン エステート,1253,768,C
軽自動車 白ナンバー,250,780,S
希望ナンバー,1577,780,S
カーポートマルゼン,1776,780,M
fjクルーザー,87,795,C
カーリース,573,795,S
プリウス 中古,700,795,C
マツダ cx-5,858,795,C
トヨタディーラー,1033,795,C
アルトワークス,87,823,C
ダイハツ ムーヴ,246,823,C
マイカーローン 金利 安い,777,823,S
grカローラ,1834,823,C
キックス 日産,537,838,C
トライトン,1110,838,C
86,1459,838,C
オートサロン2024,266,853,C
ノートオーラ,1501,853,C
車高調,500,869,M
ジャガー,767,869,C
etc2.0,1697,869,M
カーメイト,376,886,M
ポリッシャー,1033,886,M
コーティング,1797,886,M
マツダ cx-3,230,904,C
車買取,1590,904,S
ディーラー 営業マン,452,922,J
重量税,905,922,S
トヨペット,1036,922,C
タイムズカーシェア 料金,1703,924,S
カーショップ,293,944,M
phev,657,944,C
シボレー,735,944,C
ドラレコ おすすめ,486,966,M
ニッサン,1022,966,C
マツダ cx-8,1135,966,C
ダンロップ,1377,966,M
新古車,1755,966,C
軽油価格,1880,966,S
トヨタライズ,83,988,C
環境性能割,385,988,S
ベンツ aクラス,783,988,C
煽り運転,1482,988,M
cbr250rr,128,1013,C
リース車,243,1013,S
フィットrs,630,1013,C
トヨタカード,794,1013,S
ヤリス ハイブリッド,1100,1013,C
ライズ トヨタ,1303,1013,C
カーリース デメリット,1560,1013,S
フジカーズジャパン,1805,1013,C
70ランクル,143,1038,C
施工管理,420,1038,J
スナップオン,743,1038,M
ホンダカーズ東京中央,897,1038,C
ブレーキパッド,1241,1038,M
fjクラフト,1733,1038,C
いすゞ エルフ,1865,1038,C
プリウス50系,226,1066,C
mazda3,606,1066,C
ジェームス オイル交換,943,1066,M
nワゴン,1245,1066,C
zrv,1441,1066,C
ホンダ suv,1498,1066,C
団体信用生命保険,1817,1066,S
コーティング剤,110,1097,M
モデリスタ,272,1097,M
セレナ c28,487,1097,C
カーフィルム,733,1097,M
ホンダ n-one,1190,1097,C
ホワイト企業,1338,1097,J
スズキ自販,1680,1097,C
カーセキュリティ,1818,1097,M
