label,lx,y,cat
求人 正社員,421,239,C
フォークリフト免許,1625,248,C
人と関わらない仕事,463,428,C
40代 転職,416,528,C
稼げる仕事,231,588,C
高収入 仕事,285,701,C
寮付き仕事探し 女性,392,756,C
早朝バイト,150,768,C
高収入 バイト,448,791,C
住み込み 求人,623,633,C
工場勤務 女性,865,546,C
寮付き求人,700,551,C
正社員,850,651,C
期間工 年齢制限,1277,626,C
無期雇用派遣,1860,613,C
派遣から正社員,1840,683,C
座り仕事 求人,96,973,C
髪色自由 仕事,240,1087,C
誰でも出来る仕事,717,943,C
仕事探し 40代 女性,808,893,C
寮費無料 求人,1051,892,C
高収入 求人,805,1006,C
1人で黙々とできる仕事,668,1087,C
夜勤 求人,1658,852,C
3勤務3休,1526,1006,C
寮完備 求人,1566,1042,C
履歴書不要 求人 日払い,1768,987,C
派遣社員 デメリット,1562,440,R
夜勤 体への影響,1606,551,R
utコネクト株式会社 評判,1610,638,R
期間工 おすすめ,1838,767,R
工場勤務 メリット,1156,816,R
ピッキング きつい,946,1026,R
株式会社ポートアール 評判,1063,1065,R
株式会社2peace 評判,324,1065,R
日総工産 評判,1442,872,R
ライン作業 向いてる人,1430,973,R
グリーンテック 評判,1498,1089,R
ヒューマンアイズ 評判,1223,1087,R
製造業 志望動機,1552,725,A
0120709720,1455,756,A
工場 志望動機,1625,778,A
期間工とは,1409,842,A
マシンオペレーターとは,1686,1065,A
0120676472,1348,1025,A
