date,自動車整備士
2025-09-21,52
2025-09-28,67
2025-10-05,60
2025-10-12,53
2025-10-19,62
2025-10-26,54
2025-11-02,42
2025-11-09,59
2025-11-16,59
2025-11-23,57
2025-11-30,62
2025-12-07,58
2025-12-14,56
2025-12-21,42
2025-12-28,32
2026-01-04,58
2026-01-11,60
2026-01-18,71
2026-01-25,68
2026-02-01,61
2026-02-08,69
2026-02-15,65
2026-02-22,72
2026-03-01,59
2026-03-08,64
2026-03-15,75
2026-03-22,92
2026-03-29,56
2026-04-05,96
2026-04-12,50
2026-04-19,55
2026-04-26,52
2026-05-03,44
2026-05-10,66
2026-05-17,61
2026-05-24,63
2026-05-31,57
2026-06-07,54
2026-06-14,60
2026-06-21,51
2026-06-28,50
2026-07-05,70
2026-07-12,81
2026-07-19,100
2026-07-26,94
2026-08-02,73
2026-08-09,53
2026-08-16,82
2026-08-23,66
2026-08-30,78
2026-09-06,70
2026-09-13,55
2026-09-20,35
