date,奨学金
2025-09-14,34
2025-09-21,37
2025-09-28,42
2025-10-05,40
2025-10-12,36
2025-10-19,37
2025-10-26,39
2025-11-02,39
2025-11-09,38
2025-11-16,35
2025-11-23,37
2025-11-30,37
2025-12-07,36
2025-12-14,36
2025-12-21,36
2025-12-28,32
2026-01-04,43
2026-01-11,39
2026-01-18,42
2026-01-25,41
2026-02-01,33
2026-02-08,34
2026-02-15,41
2026-02-22,43
2026-03-01,40
2026-03-08,45
2026-03-15,41
2026-03-22,49
2026-03-29,66
2026-04-05,98
2026-04-12,100
2026-04-19,88
2026-04-26,57
2026-05-03,52
2026-05-10,76
2026-05-17,55
2026-05-24,59
2026-05-31,42
2026-06-07,51
2026-06-14,44
2026-06-21,43
2026-06-28,49
2026-07-05,46
2026-07-12,43
2026-07-19,44
2026-07-26,33
2026-08-02,33
2026-08-09,30
2026-08-16,33
2026-08-23,37
2026-08-30,42
2026-09-06,42
2026-09-13,42
2026-09-20,31
