date,オープンキャンパス
2025-09-14,11
2025-09-21,9
2025-09-28,9
2025-10-05,9
2025-10-12,7
2025-10-19,7
2025-10-26,6
2025-11-02,6
2025-11-09,6
2025-11-16,4
2025-11-23,4
2025-11-30,4
2025-12-07,4
2025-12-14,4
2025-12-21,3
2025-12-28,2
2026-01-04,3
2026-01-11,4
2026-01-18,5
2026-01-25,4
2026-02-01,5
2026-02-08,5
2026-02-15,6
2026-02-22,6
2026-03-01,9
2026-03-08,11
2026-03-15,15
2026-03-22,13
2026-03-29,8
2026-04-05,11
2026-04-12,12
2026-04-19,14
2026-04-26,14
2026-05-03,13
2026-05-10,18
2026-05-17,17
2026-05-24,18
2026-05-31,26
2026-06-07,32
2026-06-14,40
2026-06-21,36
2026-06-28,47
2026-07-05,68
2026-07-12,86
2026-07-19,75
2026-07-26,100
2026-08-02,85
2026-08-09,27
2026-08-16,38
2026-08-23,18
2026-08-30,16
2026-09-06,12
2026-09-13,10
2026-09-20,10
